Order_ID,Customer_Name,Product,Quantity,Price_Per_Unit,Order_Date,Region
1006,Andrew Snyder,Laptop,1,168.8883084,02/10/2024,West
1007,Angel Weber,Headphones,2,932.8131593,07/05/2024,South
1008,Robert Wilkerson,Laptop,4,1482.553059,31/08/2024,South
1009,Sandra Carlson,Smartphone,4,1463.258192,16/11/2024,North
1010,Isaiah Fleming,Tablet,2,1162.872329,25/11/2024,East
1011,Theresa Pearson,Monitor,4,705.8933683,17/01/2024,South
1012,Maria Watts,Laptop,5,113.3400659,10/11/2024,West
1013,Kathryn Kennedy,Smartphone,3,826.2946057,18/10/2024,North
1014,Eric Pruitt,Tablet,5,1396.807135,29/03/2024,North
1015,Parker Moore,Smartphone,5,1268.708995,18/04/2024,South
1016,Nancy Martinez,Headphones,3,82.87248163,16/01/2024,West
1017,Yvonne Williamson,Laptop,2,460.4580964,11/01/2025,East
1018,Katie Williams,Laptop,4,404.4537612,21/11/2024,North
1019,Tanner Marshall,Smartwatch,4,1207.061666,03/10/2024,North
1020,Megan Mitchell,Monitor,1,1424.390836,09/12/2024,East
1021,Joshua Waters,Monitor,3,160.2045155,27/03/2024,West
1022,Kim Robinson,Headphones,2,1246.400749,25/01/2024,North
1023,Kimberly Lewis,Laptop,3,732.0988228,09/08/2024,South
1024,Tina Steele,Tablet,2,1328.772036,21/04/2024,East
1025,Kenneth Dalton,Headphones,1,1329.852574,06/01/2025,East
1026,David Henderson,Laptop,2,1309.999123,31/08/2024,South
1027,Tammy Price,Monitor,5,254.8280975,19/02/2024,North
1028,Kayla Todd,Smartphone,2,509.1139513,05/07/2024,North
1029,Mrs. Sandra Young,Monitor,3,1488.196822,03/05/2024,East
1030,Olivia Cordova,Smartphone,3,189.263667,03/12/2024,West
1031,Linda Thomas,Smartphone,4,973.1298651,02/05/2024,North
1032,Gwendolyn Smith,Smartwatch,4,1172.485541,03/08/2024,East
1033,Steven Sanders,Smartphone,1,677.2544478,17/03/2024,North
1034,Christine Oconnor MD,Monitor,4,1063.067414,11/07/2024,North
1035,Jennifer Moore,Laptop,3,544.5451065,01/08/2024,South
1036,Daniel Gallagher,Tablet,4,810.091129,06/08/2024,South
1037,Megan Jacobson,Headphones,3,350.8278769,13/01/2025,North
1038,Timothy Knight,Tablet,2,1219.347796,16/03/2024,North
1039,Julie Sullivan,Smartwatch,1,417.4270225,17/02/2024,South
1040,Phillip Lane,Tablet,1,1103.158109,30/09/2024,North
1041,Paul Lam,Smartwatch,2,940.5959678,01/11/2024,North
1042,Tammy Christian,Smartwatch,1,1400.66539,05/11/2024,North
1043,David Wood,Smartphone,2,972.3285406,28/11/2024,North
1044,Christine Nunez,Smartphone,5,527.9965294,23/12/2024,South
1045,Rachel Villa,Smartwatch,4,609.6288051,03/12/2024,East
1046,Michael Bradford,Smartphone,3,139.3007049,18/02/2024,North
1047,Tammy Young,Monitor,2,889.0878436,29/11/2024,South
1048,Marie Thomas,Tablet,4,309.7922115,20/11/2024,East
1049,Alex Jones,Smartphone,4,232.4757031,10/03/2024,East
1050,Mary Hale,Smartphone,4,1133.757155,23/08/2024,East
1051,Jillian Jordan,Smartphone,4,805.1821091,31/03/2024,West
1052,Donald Johnson,Monitor,1,1317.516964,20/11/2024,South
1053,Carl Richards,Tablet,1,669.0134754,10/03/2024,South
1054,Teresa Whitney,Laptop,1,846.8468003,10/01/2025,South
1055,Justin Montes,Smartphone,5,425.1601577,02/03/2024,South
1056,Victor Tran,Tablet,2,876.643142,18/06/2024,West
1057,Stephen Carney,Monitor,2,1016.171677,03/01/2025,West
1058,Samantha Gonzalez,Monitor,3,157.5170279,27/06/2024,South
1059,Sarah Lynch,Tablet,1,338.7462292,04/09/2024,West
1060,Timothy Mcdonald,Tablet,2,1065.826623,28/10/2024,South
1061,Mary Walter,Monitor,5,323.6913787,06/04/2024,West
1062,Stuart Luna,Smartphone,4,718.1934017,13/05/2024,West
1063,Gregory Wagner,Headphones,5,1406.481183,31/07/2024,East
1064,Heidi Cooper,Tablet,1,1483.008536,07/10/2024,West
1065,Jason Contreras,Headphones,1,505.6646342,27/04/2024,West
1066,Angela Burke,Smartphone,2,75.95699786,04/02/2024,North
1067,Tracy Miller,Monitor,5,948.3170072,03/04/2024,South
1068,Chase Stevens,Smartwatch,5,1140.481261,14/01/2024,North
1069,Eric Colon,Headphones,3,285.4409916,05/10/2024,North
1070,Russell Perry,Smartphone,1,56.76260425,09/12/2024,South
1071,Sherry Weber,Tablet,5,417.4857313,03/02/2024,West
1072,Christopher Brown,Smartwatch,4,1416.414543,22/04/2024,North
1073,Paul Garcia,Smartwatch,3,125.100036,13/05/2024,North
1074,Kristin Dunn,Laptop,2,829.7480487,12/06/2024,East
1075,Thomas Willis,Laptop,3,1410.828983,30/07/2024,North
1076,Nathan Duran,Smartphone,3,1377.288952,23/04/2024,South
1077,Mike Wiggins,Smartwatch,3,648.3356742,03/12/2024,West
1078,Steven Rodriguez,Laptop,4,945.9359086,26/10/2024,West
1079,Jordan Schultz,Tablet,4,975.3359785,29/03/2024,West
1080,Jacob Ruiz,Smartphone,4,922.718553,04/01/2025,North
1081,Kimberly Willis,Smartwatch,3,197.9311676,18/01/2024,North
1082,Michael Charles,Smartphone,2,1415.707104,20/06/2024,North
1083,Karen Ray,Smartwatch,3,518.4559839,22/09/2024,South
1084,Regina Stone,Monitor,3,965.9399913,04/11/2024,East
1085,Victor Garcia,Laptop,4,76.19111325,10/07/2024,North
1086,Andrew Graves,Monitor,3,910.0293819,15/10/2024,East
1087,Toni Maxwell,Smartphone,2,264.3158752,29/09/2024,West
1088,Austin Davidson,Laptop,3,447.3958382,02/12/2024,East
1089,Cathy Lewis,Monitor,2,996.9700075,08/02/2024,West
1090,Samantha Bell,Smartphone,4,691.9210298,20/07/2024,South
1091,Clayton White,Monitor,3,746.8378068,27/03/2024,North
1092,Jason Woods,Tablet,2,1205.074927,16/02/2024,North
1093,Maria Harris,Laptop,4,1438.28341,03/03/2024,South
1094,Michele Velasquez,Tablet,3,1464.60063,15/06/2024,West
1095,Larry Garcia,Laptop,3,712.1189823,17/04/2024,North
1096,Tara Gardner,Smartphone,2,235.1646744,15/11/2024,East
1097,Michael Goodwin DDS,Monitor,2,813.1257076,06/11/2024,South
1098,Diane Martin,Tablet,4,1112.298179,16/11/2024,West
1099,Lisa Thomas,Tablet,5,1115.375726,09/05/2024,West
1100,Jessica Barnes,Laptop,2,819.2920523,03/03/2024,West
1101,Brittany Ramirez,Tablet,1,572.8516528,24/01/2024,West
1102,Beth Kane,Smartphone,4,940.5794473,28/05/2024,South
1103,Katrina Cole,Smartphone,5,1110.371409,03/12/2024,East
1104,Maria Crosby,Smartphone,4,1411.882262,02/01/2025,North
1105,Charles Brown,Smartwatch,2,273.368514,09/04/2024,West
1106,Anthony Hodge,Smartwatch,1,252.7458503,09/06/2024,South
1107,Daisy Jones,Laptop,5,665.6522695,23/04/2024,East
1108,Sarah Hernandez,Smartwatch,3,913.3795694,28/11/2024,East
1109,Mandy Griffith,Smartphone,4,89.85395463,06/10/2024,East
1110,Richard Phillips,Tablet,1,349.2008982,21/03/2024,North
1111,John Moyer,Monitor,1,799.5099847,11/11/2024,South
1112,Michael Ellis,Smartwatch,5,348.7586697,07/01/2025,West
1113,Robert Smith,Smartphone,1,1325.799989,24/12/2024,East
1114,Kimberly Phillips,Headphones,3,295.9464962,29/05/2024,West
1115,Lisa Mckee,Smartphone,2,509.8656912,23/12/2024,North
1116,Melissa Clark,Monitor,5,777.7666768,20/03/2024,North
1117,John Elliott,Laptop,5,632.2878907,31/03/2024,West
1118,Crystal Serrano,Headphones,1,222.7149584,24/06/2024,North
1119,Marissa Grant,Tablet,3,51.38485087,23/05/2024,West
1120,Joy Crawford,Smartwatch,3,369.7585322,23/07/2024,South
1121,Megan Anderson,Laptop,2,610.2934213,11/12/2024,West
1122,Suzanne Brown,Tablet,5,785.0918919,18/04/2024,North
1123,Carolyn Walker,Smartwatch,4,147.0818438,05/02/2024,North
1124,Bradley Baker,Smartwatch,5,431.4180113,22/10/2024,North
1125,David Escobar,Headphones,3,1157.664404,24/08/2024,North
1126,Anthony Coleman,Smartphone,4,424.2320495,20/07/2024,South
1127,Mark Mendez,Headphones,1,396.773263,25/07/2024,North
1128,Elizabeth Griffin,Tablet,3,56.89879126,31/08/2024,South
1129,Renee Moore,Monitor,2,398.737639,07/10/2024,South
1130,Rachel Alvarez,Headphones,1,1078.968195,20/09/2024,South
1131,Vanessa Campbell,Smartphone,1,118.8463214,06/03/2024,North
1132,James Edwards,Headphones,2,302.5597167,17/03/2024,North
1133,Richard Lewis,Laptop,1,1129.792862,27/03/2024,South
1134,Katherine Mendoza,Smartwatch,1,883.3024229,29/10/2024,East
1135,Michael Wilkinson,Monitor,3,1076.659414,20/03/2024,West
1136,Chelsea Shaffer,Laptop,2,986.5596975,30/11/2024,East
1137,Andrew Smith,Smartwatch,1,201.9877121,03/04/2024,East
1138,Andrew Cox,Smartphone,1,80.46942953,06/06/2024,East
1139,April Michael,Smartwatch,2,715.2803377,19/08/2024,South
1140,Matthew Hughes,Laptop,3,458.1261109,20/03/2024,West
1141,Ashley Waters,Tablet,4,1439.006777,22/03/2024,North
1142,Brittany Chapman,Monitor,1,343.3433499,06/09/2024,East
1143,James Warren,Smartphone,1,274.6153003,06/02/2024,South
1144,Wayne Rivera,Monitor,5,1480.49669,26/02/2024,South
1145,Megan Collins,Smartphone,5,755.0007088,22/09/2024,South
1146,Melissa Smith,Headphones,4,560.4267883,16/03/2024,West
1147,James Garcia,Laptop,2,482.9915546,19/11/2024,West
1148,Lori Nelson,Headphones,5,997.4326429,09/03/2024,East
1149,Denise Butler,Headphones,5,1182.854786,14/05/2024,South
1150,Anita Thompson,Smartphone,3,691.7339518,03/11/2024,South
1151,Madeline Banks,Laptop,3,124.3942575,28/12/2024,East
1152,David Snyder,Monitor,1,1123.901428,21/12/2024,East
1153,Lindsey Medina,Tablet,4,388.586973,20/09/2024,East
1154,Dwayne Martin,Smartphone,2,1032.921946,21/03/2024,South
1155,Catherine Brown,Monitor,1,787.0739666,08/06/2024,West
1156,Cynthia Smith,Smartphone,1,492.7077215,23/10/2024,South
1157,Ms. Heather Day,Tablet,4,107.0530118,21/05/2024,West
1158,Matthew Johnson,Monitor,1,494.8799,06/01/2025,South
1159,Thomas Wall,Smartwatch,1,117.7742654,06/04/2024,West
1160,Diana Barton,Smartphone,4,860.1783159,04/12/2024,West
1161,Eric Rhodes,Monitor,5,621.1748798,06/11/2024,South
1162,Sharon Barber,Monitor,1,1397.114205,03/11/2024,East
1163,Brian Thompson,Smartphone,2,1298.704928,25/03/2024,South
1164,Toni Johnson,Tablet,1,259.8935326,13/08/2024,East
1165,Samantha Armstrong,Laptop,1,586.4669268,07/07/2024,South
1166,Elizabeth Williams,Tablet,4,1027.699521,30/08/2024,North
1167,Melissa Rodriguez,Smartwatch,3,325.5360899,08/08/2024,East
1168,Alexander Duncan,Smartwatch,2,927.049342,02/03/2024,South
1169,Matthew Schneider,Smartwatch,1,1301.548559,20/07/2024,North
1170,Jason Jones,Monitor,3,130.6729835,08/04/2024,North
1171,Julie Downs,Tablet,2,571.1632538,24/01/2024,South
1172,Stephen Hamilton,Monitor,5,1152.877154,05/07/2024,East
1173,Christine Weiss,Laptop,3,1041.558134,19/04/2024,East
1174,Thomas Daniels,Monitor,3,634.6562966,10/08/2024,South
1175,Aaron Howard,Tablet,4,1067.85884,13/06/2024,East
1176,Rebecca Robinson,Smartphone,3,1127.977887,06/11/2024,East
1177,Pedro Young,Headphones,3,1162.964517,27/03/2024,South
1178,Kim Hernandez,Tablet,1,1125.693292,20/11/2024,West
1179,Jeffery Lewis,Tablet,1,678.1233126,09/05/2024,East
1180,Amanda Cline,Smartphone,5,1453.419815,07/02/2024,West
1181,Kelly Perkins,Smartwatch,5,1155.863401,12/01/2025,North
1182,James Mendez,Monitor,2,1212.087524,01/01/2025,North
1183,Randy White,Tablet,1,973.850165,05/12/2024,North
1184,Danielle Tucker,Monitor,3,918.6431345,10/05/2024,North
1185,Caleb Sanchez,Monitor,4,1096.713722,10/03/2024,South
1186,Timothy Ball,Smartphone,5,755.3749862,30/11/2024,North
1187,Rachel Coleman,Smartwatch,5,569.2259336,11/02/2024,East
1188,Mary Scott,Tablet,4,506.6105644,17/11/2024,North
1189,Angela Phillips,Smartwatch,1,293.7672593,27/07/2024,East
1190,Annette Carpenter,Smartwatch,3,1013.61427,19/05/2024,North
1191,Jennifer Walter,Monitor,4,372.7317063,06/12/2024,South
1192,Brian Barnes,Headphones,1,783.9527635,31/08/2024,South
1193,Emily Silva,Smartwatch,2,1206.349691,21/06/2024,West
1194,Christine Bates,Laptop,5,1089.411341,31/07/2024,East
1195,Michael Smith DVM,Laptop,5,1130.636314,30/03/2024,North
1196,Gregory Soto,Laptop,1,714.879069,13/04/2024,East
1197,Keith Alvarado,Laptop,2,880.3706455,27/10/2024,West
1198,Joshua Robinson,Smartphone,3,628.5286075,08/04/2024,East
1199,Austin Jackson,Smartphone,5,1404.293167,09/10/2024,East
1200,William Cooper,Smartphone,3,299.3635029,14/01/2024,West
1201,Michael Sawyer,Headphones,2,1336.819684,20/09/2024,North
1202,Jennifer Snyder,Smartwatch,3,959.6519766,05/10/2024,East
1203,Cindy Johnson,Monitor,3,1225.24489,27/12/2024,South
1204,David Smith,Monitor,2,1183.541615,11/10/2024,North
1205,Anthony Castillo,Monitor,5,241.5286786,20/04/2024,West
1206,Susan Martinez,Monitor,4,384.9197983,02/08/2024,East
1207,Joshua Cox,Monitor,2,190.5562281,04/09/2024,West
1208,Leah Carter,Tablet,2,634.4019414,26/04/2024,East
1209,Morgan Stone,Smartwatch,4,754.9437647,25/01/2024,South
1210,Laura Snow,Smartphone,1,1364.697559,18/06/2024,East
1211,Alexander Sellers,Smartwatch,5,1367.175831,07/07/2024,East
1212,Michael Baker,Laptop,2,551.296616,04/02/2024,West
1213,Michael Sparks,Headphones,3,619.5506149,31/08/2024,North
1214,Alexandra Patel,Tablet,4,726.8138541,01/02/2024,North
1215,David Walker,Tablet,1,356.4465779,02/01/2025,South
1216,Angela Perez,Tablet,4,1114.805134,20/10/2024,South
1217,Craig Brown,Laptop,5,591.2557657,16/11/2024,North
1218,Wesley Harris,Tablet,3,1171.512508,08/12/2024,South
1219,Joy Wilson,Monitor,4,425.5989539,02/03/2024,East
1220,Mitchell Vaughn,Tablet,3,1215.015107,23/10/2024,North
1221,Elizabeth Lee,Smartwatch,2,767.7006208,20/06/2024,South
1222,Michael Rodriguez,Headphones,5,474.9918539,11/12/2024,East
1223,Mario Jacobs,Smartphone,2,443.6080886,08/10/2024,West
1224,Johnny Ali,Smartwatch,1,183.719776,06/03/2024,East
1225,Robert Watson,Smartwatch,4,1176.107416,28/03/2024,East
1226,Jesse Finley,Monitor,4,567.4909276,26/11/2024,South
1227,Charles Smith,Tablet,5,981.3721221,05/10/2024,North
1228,Lauren Rodriguez,Laptop,2,358.3672428,06/12/2024,East
1229,Lisa Beck,Tablet,1,69.83403393,28/06/2024,West
1230,Veronica Coleman,Headphones,3,928.7023682,16/03/2024,East
1231,Christine Herman,Monitor,4,396.6002058,15/06/2024,West
1232,Christine Hendrix,Headphones,3,1324.348806,13/03/2024,West
1233,Todd Fowler,Smartphone,4,502.2939541,02/04/2024,South
1234,Susan Hebert,Headphones,5,610.8670275,13/01/2025,West
1235,Karen Day,Smartwatch,5,275.7104178,19/01/2024,North
1236,Bobby Sosa,Tablet,4,978.3072537,29/11/2024,East
1237,Manuel Perez,Smartphone,4,826.6041196,25/01/2024,East
1238,Amanda White,Laptop,3,1280.75067,12/01/2025,East
1239,Jennifer Moore,Smartwatch,1,97.15023122,13/04/2024,West
1240,Sandra Lawson,Headphones,2,515.9471936,22/02/2024,East
1241,Jennifer Alvarez,Smartphone,5,1477.15994,25/12/2024,East
1242,Alexis Chambers,Monitor,3,995.4569521,26/04/2024,East
1243,Brittany Bradley,Headphones,4,1193.504151,10/09/2024,East
1244,Sherri Williams,Tablet,2,1399.989929,27/06/2024,South
1245,Regina Donaldson,Tablet,4,1210.258769,20/03/2024,East
1246,Bill Hall,Smartphone,2,867.9474715,05/10/2024,North
1247,Jessica Pitts,Smartphone,1,544.6175107,27/11/2024,West
1248,Samuel Scott,Smartphone,4,920.6472385,18/08/2024,West
1249,Nicholas Moss,Smartphone,4,1246.869786,21/11/2024,East
1250,Emily Ray MD,Smartphone,1,678.0918647,25/04/2024,North
1251,Misty Thompson,Smartphone,2,1335.970651,14/12/2024,South
1252,Frederick Tran,Monitor,5,1192.939053,25/01/2024,West
1253,Tonya Fitzpatrick,Headphones,2,535.7641132,27/05/2024,West
1254,Ms. Tara Vang,Tablet,1,240.6604521,14/10/2024,West
1255,Ann Cummings,Headphones,4,413.7222595,30/03/2024,North
1256,Martha Martin,Laptop,1,1226.367871,29/05/2024,East
1257,Nicholas Lucas,Headphones,4,1289.708448,15/06/2024,South
1258,Richard Bailey,Smartphone,3,695.6820994,25/01/2024,North
1259,Ryan West,Tablet,4,852.198287,28/12/2024,East
1260,Amanda Dean,Smartphone,1,1386.36341,25/01/2024,East
1261,Christopher Davidson,Tablet,3,369.3429536,15/05/2024,West
1262,Jodi Reese,Laptop,3,535.2832762,07/02/2024,South
1263,Charles Savage,Headphones,3,712.13013,27/08/2024,East
1264,Paul Cooper,Headphones,3,475.4708853,07/07/2024,South
1265,Mrs. Danielle Murphy DDS,Headphones,3,642.5494343,07/06/2024,West
1266,Christine Taylor,Tablet,2,264.3806689,01/10/2024,South
1267,Marilyn Henry,Headphones,2,1257.70101,05/07/2024,East
1268,Kathy Mckinney,Monitor,4,672.7773808,14/07/2024,East
1269,Eric Hart,Smartphone,3,983.7983102,16/09/2024,West
1270,Morgan Leon,Smartwatch,3,1076.957127,11/12/2024,West
1271,Aaron Schmidt,Smartphone,5,1334.877483,14/12/2024,South
1272,Laura Jenkins,Headphones,2,278.7263548,15/09/2024,North
1273,Mr. Antonio Oconnell,Smartphone,4,305.3024429,18/09/2024,West
1274,William Mcbride,Smartwatch,1,191.0020683,13/10/2024,South
1275,Keith Jones,Smartphone,2,428.0965354,10/02/2024,East
1276,John Miller,Headphones,4,371.9686638,28/03/2024,North
1277,Russell Bullock,Laptop,1,469.2920745,06/04/2024,East
1278,Robert Montgomery,Smartphone,4,759.471872,28/01/2024,South
1279,Christy Curry,Headphones,3,177.0367415,01/09/2024,West
1280,Megan Taylor,Tablet,4,605.5332738,30/11/2024,North
1281,Leroy Watson,Smartphone,2,130.3165456,12/11/2024,North
1282,John Lucas,Laptop,1,701.021297,02/12/2024,West
1283,Rebecca Howard,Laptop,3,521.458514,21/03/2024,South
1284,Christina Hunter,Monitor,3,270.5707082,10/06/2024,North
1285,Dwayne Smith,Monitor,2,362.2700032,21/01/2024,South
1286,Sabrina Perry,Headphones,5,1382.577104,26/11/2024,West
1287,Melinda Hardy,Smartwatch,2,271.4790171,20/06/2024,South
1288,Shelley Cortez,Tablet,3,126.7310418,29/10/2024,North
1289,Alexander Schwartz,Headphones,1,1258.842178,11/09/2024,West
1290,Alejandro Williams,Monitor,3,351.9513012,29/04/2024,West
1291,Christian Lee,Smartwatch,4,437.6750585,22/11/2024,West
1292,Ryan Duke,Laptop,1,697.8263885,28/08/2024,West
1293,Matthew Madden,Smartwatch,5,842.1967604,07/10/2024,South
1294,Karen Reese,Monitor,5,1121.317945,23/12/2024,South
1295,Elizabeth Freeman,Smartwatch,2,863.5881196,18/07/2024,South
1296,Christine Bonilla,Smartwatch,4,1374.779648,18/01/2024,North
1297,Kristen Lopez,Tablet,1,407.5144135,10/04/2024,East
1298,Tiffany Butler,Tablet,3,651.2611138,01/08/2024,East
1299,Tyler Henderson,Headphones,1,968.5004999,28/04/2024,South
1300,Christopher Burke,Headphones,5,1389.828322,02/05/2024,South
1301,Amanda Hicks,Smartphone,3,707.4571421,01/05/2024,East
1302,Austin Chaney,Smartwatch,3,1071.733362,29/07/2024,South
1303,Michelle Elliott,Tablet,1,1061.862822,09/03/2024,North
1304,Derrick Lewis,Smartwatch,5,1424.248973,25/12/2024,South
1305,Stephanie Allen,Smartphone,4,647.1354037,10/09/2024,West
1306,Dalton Mason,Monitor,5,1417.117476,09/10/2024,North
1307,Christine Smith,Smartphone,4,1027.890695,15/12/2024,West
1308,Kevin Fry,Smartwatch,5,1214.115954,27/09/2024,East
1309,Andrew Tucker,Tablet,5,551.8037907,11/07/2024,West
1310,Stephanie Vincent,Smartphone,1,202.8035845,07/04/2024,West
1311,Victor Rosales,Tablet,3,1322.297388,05/11/2024,West
1312,Jesse Lee,Smartphone,2,1124.986102,05/12/2024,South
1313,Kendra Michael,Smartphone,2,268.440058,19/07/2024,West
1314,Wayne Phillips,Smartwatch,1,844.5591783,23/07/2024,North
1315,Crystal Calderon,Smartwatch,5,61.14216016,29/04/2024,East
1316,Dustin Hoffman,Headphones,3,225.6898165,02/07/2024,West
1317,Luis Morris,Smartwatch,1,791.528358,15/03/2024,South
1318,Donna Rios,Monitor,1,742.3169428,24/12/2024,South
1319,Micheal Martinez,Smartphone,5,310.9722988,06/08/2024,North
1320,Janice Dougherty,Tablet,1,1258.075123,06/07/2024,East
1321,Jennifer Johnson,Laptop,1,208.7417676,02/08/2024,South
1322,William Fitzgerald,Monitor,3,1240.953263,20/12/2024,North
1323,Lisa Bowen,Smartwatch,4,1355.522219,06/12/2024,South
1324,Brittney Hernandez,Smartphone,2,344.073005,06/08/2024,South
1325,Emily Barnett,Laptop,4,918.0428045,04/06/2024,North
1326,Tammy Benjamin,Laptop,3,668.4256541,29/01/2024,North
1327,William Lozano,Smartphone,4,1425.530049,03/06/2024,South
1328,Gary Ramirez,Tablet,4,132.8237571,05/05/2024,East
1329,Craig Walker,Smartwatch,3,74.65383521,29/08/2024,South
1330,Amy Woods,Headphones,4,511.6408123,10/12/2024,North
1331,Kara Harrell,Laptop,1,306.1723289,19/10/2024,South
1332,Walter Ryan,Smartwatch,4,290.6037795,01/11/2024,North
1333,Cindy Hudson,Laptop,1,356.8266485,08/10/2024,West
1334,Susan Perkins,Smartwatch,1,619.9871522,29/02/2024,West
1335,William Lloyd,Monitor,3,1381.998684,26/10/2024,South
1336,Adrienne White,Monitor,3,336.0353101,15/11/2024,South
1337,Stefanie Nash,Smartphone,4,623.2280603,03/05/2024,North
1338,Stephanie Gray,Smartphone,1,1310.689194,05/07/2024,North
1339,Lisa Harris,Headphones,4,522.9737108,23/09/2024,South
1340,Dustin Fox,Headphones,1,143.159615,08/05/2024,South
1341,Melanie English,Tablet,3,491.1579679,30/10/2024,West
1342,Brian Parker,Tablet,3,436.896542,03/06/2024,West
1343,Alexis Bradford,Tablet,1,1339.095316,25/03/2024,North
1344,Amanda Oliver,Smartwatch,4,1375.993205,14/08/2024,East
1345,Aaron Brooks,Monitor,3,990.9835015,16/07/2024,North
1346,Maureen Walker,Smartwatch,3,1372.590471,06/02/2024,East
1347,Jose Phillips,Smartphone,1,791.9474004,29/12/2024,North
1348,Kendra Spence,Monitor,2,321.4327864,17/12/2024,North
1349,Dr. Julie Daniel,Smartwatch,3,949.7593747,20/05/2024,West
1350,Christine Hayden,Laptop,3,1325.935297,14/10/2024,North
1351,Mariah Porter,Headphones,1,87.91850733,09/08/2024,West
1352,Amy Smith,Smartwatch,1,1123.669896,30/08/2024,North
1353,Christine Smith,Smartphone,1,142.2673789,14/03/2024,South
1354,Christine Johnson,Tablet,2,1190.48382,06/10/2024,West
1355,Angela Lyons,Tablet,5,791.2815169,03/08/2024,East
1356,Gene Nguyen,Smartphone,2,161.0764827,18/01/2024,North
1357,Laura Lee,Smartphone,4,679.5984553,29/11/2024,West
1358,William Haley,Smartphone,5,63.48081657,21/09/2024,East
1359,Stephanie Cervantes,Laptop,5,1155.228871,02/01/2025,South
1360,Shane Smith,Monitor,2,1045.505027,09/10/2024,East
1361,Barbara Carrillo,Smartwatch,5,777.0120779,16/05/2024,North
1362,Heather Clark,Monitor,2,1435.645757,05/06/2024,North
1363,Joan Gray,Smartwatch,5,160.1383803,20/03/2024,South
1364,Susan Hart,Smartwatch,2,131.751966,28/02/2024,South
1365,Brett Everett,Monitor,1,72.69892516,02/02/2024,North
1366,Brian Rubio,Laptop,2,1251.686042,23/07/2024,North
1367,Angela Brewer,Monitor,2,1384.487353,06/10/2024,East
1368,Cody Douglas,Laptop,3,900.9344755,02/02/2024,North
1369,Maria Anderson,Smartwatch,2,581.1493923,20/11/2024,South
1370,Eric Garza,Smartwatch,4,970.5035832,20/11/2024,West
1371,Sarah Sanders,Smartphone,2,1079.091898,23/02/2024,West
1372,Erica Gibson,Monitor,5,1051.41075,05/06/2024,South
1373,Jake Austin,Smartphone,1,780.393952,25/10/2024,East
1374,Douglas Keller,Smartphone,4,462.9789986,18/01/2024,North
1375,Jamie Morris,Smartphone,2,1464.562684,17/02/2024,North
1376,Alexander Austin,Monitor,5,986.5003781,21/08/2024,South
1377,Jasmine Roth,Smartwatch,1,1071.715304,29/10/2024,North
1378,Deborah Rogers,Smartphone,3,875.2266368,23/08/2024,East
1379,Leah Thompson,Monitor,2,147.7721541,08/07/2024,East
1380,Jason Alexander,Monitor,4,1428.200185,31/01/2024,West
1381,Wesley Ramirez,Smartphone,1,904.4334104,16/11/2024,South
1382,Christine Anderson,Smartphone,2,990.8839374,18/08/2024,South
1383,Brian Delacruz,Tablet,2,966.1999789,15/07/2024,East
1384,James Dixon,Smartwatch,1,297.0100622,12/04/2024,East
1385,Gregory Cobb,Smartwatch,5,99.75662812,10/05/2024,North
1386,Omar Jackson,Headphones,2,1243.15544,08/12/2024,East
1387,James Williams,Smartwatch,2,379.5735946,15/09/2024,North
1388,Hannah Griffin,Tablet,1,1240.869544,13/07/2024,East
1389,Michelle Ramirez,Monitor,3,1478.674009,19/07/2024,West
1390,Christopher Sanders,Monitor,5,695.2513005,25/03/2024,North
1391,Aaron Simmons,Laptop,2,1137.469746,28/08/2024,East
1392,Stephanie Fox,Smartwatch,4,868.2662697,21/04/2024,South
1393,Sean Nelson,Smartphone,5,250.2745835,13/07/2024,North
1394,Mr. Nicholas Santiago,Tablet,5,683.0523664,12/09/2024,North
1395,James Thompson,Headphones,3,1319.814629,15/11/2024,West
1396,Curtis Singleton,Headphones,1,115.6210905,25/10/2024,South
1397,Shannon Mcgee,Monitor,4,622.8118348,10/07/2024,West
1398,Joseph Lewis,Monitor,2,1092.698341,13/06/2024,West
1399,Mark Simpson,Laptop,5,1442.273445,01/05/2024,South
1400,Scott Richards,Laptop,3,654.9188894,27/04/2024,East
1401,Ashley Mitchell,Tablet,1,506.8736195,16/09/2024,North
1402,Christine Page,Laptop,5,655.6507727,16/09/2024,North
1403,Sara Fitzpatrick,Smartphone,5,1089.778497,12/05/2024,West
1404,Benjamin Shah,Monitor,1,1251.626076,28/09/2024,West
1405,Sophia Velasquez,Tablet,4,880.4989993,10/01/2025,North
1406,Vanessa Nichols,Laptop,1,589.3893884,06/07/2024,North
1407,Emily Jackson,Tablet,3,222.7557307,10/02/2024,West
1408,Anthony Miller,Laptop,4,428.8472865,12/09/2024,North
1409,James Boyd,Smartphone,4,455.5089434,16/05/2024,North
1410,David Wright,Smartphone,4,796.6402236,14/09/2024,West
1411,Karen Sparks,Laptop,2,487.0104052,12/02/2024,East
1412,Victoria Becker,Monitor,5,1096.169246,15/01/2024,East
1413,Jennifer Barr,Laptop,4,93.23080985,14/06/2024,North
1414,Andrew Gutierrez,Laptop,4,63.05691413,06/07/2024,West
1415,Elizabeth Gomez,Smartwatch,4,821.5976434,24/04/2024,East
1416,Maurice Stewart,Laptop,4,411.0831603,08/10/2024,West
1417,Mrs. Brittany Rios,Headphones,2,1398.274681,27/04/2024,East
1418,Sarah Bradley,Smartwatch,2,1419.016737,01/02/2024,East
1419,Melissa Fields,Headphones,3,922.9539676,24/07/2024,North
1420,Sarah Hernandez,Monitor,4,388.9194001,17/01/2024,East
1421,Martha Williams,Smartwatch,5,1027.55854,19/11/2024,West
1422,Christine Farley,Smartwatch,4,785.8617004,09/02/2024,West
1423,Ruben Garcia,Monitor,1,879.9730945,19/08/2024,East
1424,Steven Harding,Tablet,1,564.1480156,22/05/2024,North
1425,Anthony Stephens,Smartphone,4,215.428412,13/09/2024,West
1426,Sara Smith,Tablet,2,1447.330105,16/05/2024,East
1427,Lisa Anderson,Laptop,1,1314.661539,01/04/2024,North
1428,Zachary Thomas,Monitor,3,853.1261758,13/07/2024,South
1429,Brian Wu,Headphones,2,1227.551234,20/01/2024,East
1430,David Bowen,Monitor,5,426.4308319,21/02/2024,West
1431,Jared Ruiz,Monitor,1,1277.898689,20/10/2024,South
1432,Tiffany Harvey,Tablet,4,1316.798115,13/07/2024,North
1433,Jason Cowan,Smartphone,4,719.5747569,31/01/2024,East
1434,Anthony Douglas,Headphones,1,1416.700822,12/02/2024,South
1435,Amanda Stone,Laptop,3,266.5802679,22/02/2024,South
1436,Virginia Dillon,Laptop,1,851.0430818,17/08/2024,North
1437,Mrs. Linda Dickson,Laptop,2,423.3167554,26/09/2024,South
1438,Jordan Hayes,Smartwatch,5,1096.902876,19/08/2024,West
1439,Nicholas Ingram,Laptop,4,1249.185302,14/01/2024,South
1440,Christopher Brown,Headphones,4,1416.16362,07/06/2024,East
1441,Melissa Norman,Tablet,5,827.7682234,24/05/2024,North
1442,Melissa Kennedy,Smartwatch,5,926.8982213,29/11/2024,West
1443,Luke Moss,Tablet,1,347.6361892,20/09/2024,East
1444,Tina Wells,Monitor,1,1333.062301,03/08/2024,East
1445,Madeline Jones,Monitor,1,439.0410429,01/06/2024,North
1446,Chad Lopez,Headphones,4,890.6007669,29/06/2024,South
1447,Scott Figueroa,Tablet,4,989.3873082,12/05/2024,South
1448,Donald Briggs,Laptop,4,1075.349345,12/04/2024,South
1449,Lisa Pham,Laptop,5,1073.040009,28/12/2024,North
1450,William Perez,Smartphone,5,1293.945378,20/12/2024,West
1451,Dominique Davies,Laptop,5,714.6352187,17/07/2024,West
1452,Gary White,Monitor,4,430.4769157,28/06/2024,West
1453,Robert Lang,Headphones,1,547.2595118,22/12/2024,West
1454,Connor Valentine,Monitor,2,1086.246913,13/01/2025,East
1455,Anthony Sanders,Monitor,1,1493.426566,03/08/2024,South
1456,Denise Bell,Monitor,4,1140.647968,23/05/2024,North
1457,Joseph Maynard,Smartwatch,5,1439.963002,09/05/2024,North
1458,Amy Brown,Tablet,1,719.6231666,08/08/2024,West
1459,James Jones,Laptop,5,738.4466603,10/05/2024,East
1460,Misty Orozco,Laptop,4,600.8798639,16/06/2024,West
1461,Alicia Kirk,Smartwatch,3,1063.438332,24/11/2024,South
1462,Nathaniel Smith,Headphones,3,726.2189804,05/06/2024,South
1463,Joshua Ho,Monitor,1,162.8263482,01/02/2024,South
1464,Dawn Garcia,Tablet,4,409.3122813,25/10/2024,North
1465,Michelle Brown,Laptop,1,1398.848027,06/04/2024,West
1466,Erica Decker,Monitor,5,279.2730179,03/05/2024,South
1467,Victoria Curry,Smartphone,1,1139.17886,22/12/2024,South
1468,Lisa Friedman,Smartwatch,2,438.0276182,23/03/2024,East
1469,Richard Petersen,Tablet,1,953.2189407,06/03/2024,West
1470,Stephanie Rangel,Smartphone,5,369.1972145,12/01/2025,East
1471,Elizabeth Flores,Smartwatch,4,929.0853667,25/08/2024,East
1472,Judith Cooper,Tablet,4,985.3640755,10/11/2024,West
1473,Brian Rodriguez,Laptop,1,484.8058884,06/07/2024,North
1474,Bradley Sanchez,Smartphone,3,1212.132549,17/12/2024,East
1475,Matthew Palmer,Smartwatch,1,916.8605327,18/06/2024,North
1476,Richard Adams,Monitor,1,1166.613907,08/06/2024,South
1477,Joshua Walker,Headphones,1,225.3386451,02/09/2024,East
1478,Anne Robbins,Laptop,1,240.7461746,18/07/2024,West
1479,Brenda Swanson,Headphones,2,460.2300595,20/04/2024,East
1480,Jason Bartlett,Laptop,1,606.6690022,02/10/2024,East
1481,Lawrence Mitchell,Headphones,3,463.8291497,24/02/2024,North
1482,Carla Valencia,Smartphone,1,1369.660369,13/07/2024,North
1483,Ivan Miller,Headphones,2,466.5994069,31/08/2024,South
1484,Misty Pham,Laptop,1,1045.306323,08/11/2024,East
1485,Roy Howard,Laptop,3,81.60323372,12/06/2024,North
1486,Chelsea Dawson,Smartwatch,5,506.6366479,06/03/2024,East
1487,Katherine Garrison,Headphones,2,1272.33974,17/07/2024,South
1488,Jason Browning,Monitor,5,1085.615418,06/05/2024,East
1489,Anna Reyes,Smartphone,5,333.9570169,01/04/2024,South
1490,Heidi Myers,Monitor,1,1043.052652,14/07/2024,East
1491,Jeff Wright,Monitor,1,265.3564209,24/01/2024,West
1492,Kristina Hanson,Laptop,3,1422.29954,30/12/2024,South
1493,Emma Franklin,Smartphone,3,321.1104981,06/04/2024,West
1494,Alexander Bryant,Smartwatch,5,242.8279805,05/03/2024,West
1495,Ashlee Gardner,Monitor,1,1160.865054,25/08/2024,East
1496,Jennifer King,Laptop,2,1287.216113,26/10/2024,South
1497,Anthony Hunter,Monitor,1,763.4302618,01/03/2024,West
1498,Bailey Collier,Smartwatch,1,1349.097058,13/09/2024,South
1499,Jeanne Stone,Headphones,1,586.6576245,31/01/2024,West
1500,John Harmon,Smartwatch,2,770.8957756,11/11/2024,South
1501,Karen Stewart,Headphones,1,170.5449774,08/02/2024,South
1502,Jessica Bishop,Smartwatch,3,1397.720138,02/05/2024,East
1503,Beth Patton,Tablet,3,328.0638538,20/11/2024,West
1504,Diane Neal,Smartphone,4,1482.9158,30/04/2024,West
1505,Glen Rasmussen,Smartphone,4,363.9013751,31/03/2024,East
1506,David Becker,Laptop,1,920.3430518,09/07/2024,North
1507,Mark Cook,Tablet,3,199.4889229,18/04/2024,West
1508,Ellen Nguyen,Smartphone,4,161.4827921,15/09/2024,West
1509,James Hendrix,Smartphone,3,700.8590132,01/06/2024,East
1510,Ricky Davenport,Monitor,5,1160.246578,30/01/2024,West
1511,Jasmine Thomas,Headphones,4,898.4059035,02/06/2024,East
1512,Megan Gonzalez,Smartphone,5,214.7064483,29/08/2024,East
1513,Robert Holland,Headphones,2,153.7325511,01/07/2024,West
1514,Donna Washington,Headphones,2,1077.460184,29/12/2024,East
1515,Mary Bean,Smartwatch,4,1379.310972,14/04/2024,East
1516,Jennifer Reid,Laptop,4,1330.255499,01/07/2024,South
1517,Thomas Ross,Smartwatch,1,804.6901827,05/06/2024,North
1518,Sherri Serrano,Laptop,1,1187.036466,28/03/2024,East
1519,John Cardenas,Smartwatch,2,220.6617975,07/09/2024,West
1520,Jeffrey Maldonado,Headphones,1,1315.850675,10/04/2024,East
1521,Jennifer Choi,Smartwatch,2,1383.780128,18/07/2024,East
1522,Bryce Griffith,Headphones,5,357.8349991,01/01/2025,West
1523,Christopher Case,Monitor,5,439.558021,01/06/2024,South
1524,Lisa Gutierrez,Monitor,2,460.1549763,22/11/2024,East
1525,Adrian Schroeder,Smartwatch,3,205.475993,16/09/2024,East
1526,Angela Grant,Smartwatch,3,934.3410135,02/12/2024,East
1527,Michael Chapman,Tablet,1,1438.986462,04/10/2024,South
1528,Emma Schmidt DDS,Laptop,3,379.2287129,06/02/2024,West
1529,Brian Gutierrez,Laptop,1,1021.950356,11/05/2024,East
1530,Shawn Miller,Smartwatch,1,1469.121787,10/01/2025,West
1531,Andrew Williams,Smartwatch,1,1342.814359,16/02/2024,East
1532,Erin Powell,Laptop,4,93.71180685,22/02/2024,West
1533,Luke Miller,Headphones,4,419.98071,12/08/2024,East
1534,Mark Williams,Tablet,4,859.9612896,07/01/2025,South
1535,Michael Edwards,Laptop,4,779.501341,05/06/2024,South
1536,Brandon Roberts,Smartwatch,5,1116.909742,23/03/2024,South
1537,Sarah Johnson,Smartphone,5,1035.83036,28/01/2024,West
1538,Jessica Mooney,Tablet,5,1374.840905,09/07/2024,West
1539,Joseph Henderson,Smartwatch,2,1104.842886,25/01/2024,West
1540,Jonathon Reid,Tablet,4,428.6001141,19/02/2024,East
1541,Phillip Ray,Monitor,4,208.9710539,15/08/2024,North
1542,Madison Drake,Headphones,5,870.4458602,14/09/2024,North
1543,Jason Watts,Headphones,5,1492.146505,03/10/2024,North
1544,Donald Smith,Smartwatch,5,118.964205,20/12/2024,West
1545,Shelly Flores,Tablet,4,271.9934135,08/08/2024,East
1546,Kevin Moore,Smartwatch,3,122.368251,25/06/2024,West
1547,Mary Anderson,Monitor,4,1366.913017,27/03/2024,West
1548,Mary Kim,Tablet,1,339.248522,22/12/2024,South
1549,Shirley Mejia,Smartphone,5,1080.877833,10/07/2024,East
1550,Christopher Alexander,Monitor,2,398.079024,13/11/2024,South
1551,Samantha Andrews,Laptop,4,152.0339507,23/12/2024,South
1552,Megan Lopez,Laptop,2,632.4238866,26/04/2024,West
1553,Nicholas Cruz,Laptop,3,1024.758387,11/04/2024,South
1554,Richard Brown,Smartwatch,4,532.2616132,30/12/2024,East
1555,Carol Oneill,Headphones,4,868.0698307,25/03/2024,South
1556,Bryan Snyder,Tablet,2,290.4382521,21/02/2024,North
1557,Roger Foley,Tablet,1,187.1511169,31/05/2024,South
1558,Dennis Franklin,Tablet,2,334.2600299,04/08/2024,North
1559,Martin Johnson,Headphones,1,301.5543188,23/01/2024,East
1560,Michelle Ibarra,Headphones,3,1493.03273,04/03/2024,East
1561,Isaac Greer,Smartwatch,2,266.733914,22/02/2024,North
1562,Sharon Myers,Monitor,5,274.2965658,18/03/2024,West
1563,Joanne Curtis,Headphones,3,651.797374,05/09/2024,West
1564,Valerie Hamilton,Headphones,1,427.6465583,10/07/2024,East
1565,Jennifer Allen,Headphones,1,285.7626909,15/11/2024,East
1566,Tyler Watts,Smartwatch,5,1232.391426,20/05/2024,South
1567,Jeffrey Thompson MD,Headphones,5,1262.967768,22/04/2024,West
1568,Cynthia James,Smartphone,1,1066.765137,18/11/2024,North
1569,Tyler Valdez,Tablet,3,1477.259838,17/02/2024,West
1570,Jonathan Garza,Tablet,5,458.9636185,25/04/2024,East
1571,Sarah Richardson,Laptop,5,528.8029415,30/08/2024,South
1572,Kevin Francis,Headphones,5,1000.977044,20/07/2024,West
1573,Rebecca Hunter,Laptop,2,1146.099102,12/01/2025,East
1574,Robert Lopez,Tablet,4,537.4594984,06/11/2024,East
1575,David Taylor,Monitor,5,975.5174853,04/04/2024,West
1576,Chase Knight,Monitor,1,1026.348628,03/08/2024,East
1577,Christine Vargas,Monitor,5,1322.496697,05/04/2024,East
1578,John Crawford,Smartphone,1,77.2676357,10/01/2025,East
1579,David Parker,Smartwatch,2,967.4824999,22/06/2024,West
1580,Shelly Noble,Smartphone,4,475.9651162,18/04/2024,North
1581,Anthony James,Smartphone,2,1359.397668,06/06/2024,South
1582,Denise Evans,Smartphone,4,719.1264972,11/04/2024,North
1583,Brandon Williams,Monitor,5,1120.065599,08/04/2024,North
1584,Megan Lee,Smartphone,2,752.8371178,14/12/2024,North
1585,Harold Stewart,Laptop,4,148.142113,08/03/2024,North
1586,Timothy Williams,Smartwatch,1,599.0952154,30/03/2024,South
1587,Elizabeth Martin,Smartwatch,2,1239.060197,16/10/2024,South
1588,Thomas Marquez,Tablet,1,144.7443544,09/04/2024,East
1589,Taylor Haley,Smartphone,3,562.0566163,23/11/2024,North
1590,Phillip Ross,Monitor,1,1188.515754,13/09/2024,East
1591,Rachel Mcclain,Laptop,5,1454.164688,13/02/2024,East
1592,Julie Holmes,Headphones,3,1435.840943,11/05/2024,South
1593,Misty Pruitt,Headphones,1,101.4442521,09/06/2024,North
1594,Jillian Jackson,Smartwatch,1,338.7941786,11/04/2024,South
1595,Daniel Walker,Smartphone,5,1148.153793,30/12/2024,West
1596,David Smith,Monitor,2,1325.021085,24/07/2024,East
1597,Angela Riley,Smartwatch,4,143.6185584,02/04/2024,East
1598,Raymond Dodson,Smartwatch,4,763.8099626,17/05/2024,North
1599,Joshua Miller,Laptop,5,666.6797821,30/10/2024,South
1600,Sarah Strickland,Monitor,3,99.77331577,13/07/2024,West
1601,Susan Burton,Headphones,4,870.9170489,25/11/2024,East
1602,Michael Campbell,Smartwatch,3,69.21876929,19/12/2024,South
1603,Brett Diaz,Monitor,5,1309.749379,02/04/2024,West
1604,Brandon Smith,Smartwatch,4,536.230625,27/02/2024,North
1605,Danielle Pugh,Tablet,4,633.2559737,01/12/2024,South
1606,Christopher Baker,Monitor,1,355.3160503,20/09/2024,North
1607,Morgan Parker,Laptop,4,650.5017719,26/07/2024,East
1608,Stephanie Thompson,Smartwatch,4,134.8731132,09/08/2024,South
1609,Karen Wallace,Monitor,2,1255.864316,23/06/2024,East
1610,Lisa Gray,Smartphone,4,453.7461633,11/01/2025,South
1611,Pamela Bell,Smartwatch,3,1174.949659,30/06/2024,South
1612,Tracy Bishop,Headphones,5,1103.790144,12/01/2025,West
1613,Kevin Fisher,Monitor,1,1406.520258,31/03/2024,East
1614,Melinda Bradshaw,Monitor,5,844.8556337,26/05/2024,South
1615,Heidi Nguyen,Tablet,3,572.7270234,09/09/2024,West
1616,Christopher Wilson,Tablet,4,396.2105036,20/01/2024,West
1617,William Johnston,Headphones,4,113.619408,24/03/2024,West
1618,Luis Holmes,Smartphone,2,853.4838623,16/10/2024,South
1619,Daniel Wolfe,Laptop,3,988.1262894,29/10/2024,South
1620,Wendy Chavez,Smartwatch,3,673.8124022,27/03/2024,South
1621,Emily Davis,Tablet,3,1090.656233,02/04/2024,North
1622,Susan Richardson,Laptop,3,503.6479734,31/07/2024,West
1623,Heather Rowe,Laptop,2,389.8634882,09/12/2024,East
1624,Richard Carter,Smartphone,1,259.6499955,14/02/2024,East
1625,Brian Gonzalez,Monitor,4,1119.425112,20/05/2024,North
1626,Megan Johnson,Laptop,3,1135.698202,05/08/2024,East
1627,Natalie White,Smartphone,1,1115.016508,10/08/2024,North
1628,Kevin Hernandez,Smartphone,1,177.5279091,01/05/2024,East
1629,Stephen Kramer,Smartphone,2,238.1184086,10/03/2024,South
1630,Michael Richards,Smartphone,4,887.267031,01/06/2024,East
1631,Cathy Berger,Monitor,2,90.06955276,04/07/2024,South
1632,Jesse Phillips,Tablet,4,362.7012791,10/10/2024,East
1633,Richard Smith,Smartwatch,3,260.512037,25/05/2024,North
1634,Amy Rosario,Tablet,2,209.0414148,27/10/2024,South
1635,Aaron Ho,Smartwatch,1,785.8636998,19/07/2024,West
1636,Troy Garrison,Monitor,2,276.3731894,26/05/2024,South
1637,Ryan Avila,Tablet,5,1151.206239,19/11/2024,East
1638,James Brown,Tablet,1,639.8455922,14/01/2024,North
1639,Donald Fleming,Laptop,5,1059.012524,23/10/2024,North
1640,Shawn Cruz,Smartwatch,5,209.6835512,25/12/2024,West
1641,Tiffany Tucker MD,Laptop,3,525.5683159,29/12/2024,North
1642,Samuel Greer,Smartphone,1,411.6056378,22/07/2024,West
1643,Amanda Taylor,Laptop,1,391.3597431,21/02/2024,South
1644,Richard Franklin,Laptop,1,1048.874606,09/09/2024,East
1645,Cynthia Wright,Smartwatch,5,567.8573297,15/11/2024,North
1646,Andrew Cook,Smartwatch,5,1101.41848,19/02/2024,East
1647,Benjamin Vance,Tablet,1,176.5898818,27/06/2024,West
1648,Darren Coleman,Headphones,1,562.9339615,06/02/2024,West
1649,John Moore,Headphones,5,225.4326796,03/04/2024,West
1650,Laura Ortiz,Tablet,2,803.929354,05/02/2024,South
1651,Maria Diaz,Smartwatch,3,1237.921653,16/09/2024,South
1652,Micheal Rodriguez,Smartwatch,2,1077.698569,02/11/2024,North
1653,Jason Brennan,Laptop,5,1191.59379,23/01/2024,South
1654,Christopher Jackson,Smartphone,3,1403.436917,09/02/2024,North
1655,Vincent Zamora,Smartphone,4,552.9171981,18/05/2024,North
1656,Christina Price,Monitor,5,1099.069758,01/01/2025,North
1657,Terri Jackson,Smartphone,1,1058.439567,15/03/2024,North
1658,Aaron Myers,Monitor,3,165.0905877,18/08/2024,West
1659,Meredith Brooks,Laptop,4,93.01615946,15/02/2024,West
1660,Virginia Rodriguez,Smartphone,3,481.7137049,02/12/2024,West
1661,Debra Rodriguez,Tablet,5,1162.347447,20/07/2024,South
1662,Steven Young,Headphones,3,1332.016317,14/08/2024,South
1663,Maria Reeves,Headphones,3,76.44819569,15/10/2024,East
1664,Cindy Mcdonald,Monitor,4,1313.735625,26/11/2024,West
1665,Monica Castillo,Laptop,2,156.0548949,11/02/2024,North
1666,Stacey Hall,Monitor,3,1233.827235,30/07/2024,North
1667,Renee Smith,Headphones,5,56.78546357,07/03/2024,North
1668,Stephanie Le,Headphones,5,829.7675171,28/08/2024,South
1669,Jose Montgomery,Smartphone,4,887.6893788,13/08/2024,East
1670,Christopher Hurst,Monitor,1,827.048219,16/05/2024,West
1671,Luke Jackson,Headphones,1,344.3749817,31/07/2024,South
1672,Bryan Cuevas,Laptop,2,1183.12503,03/08/2024,North
1673,Shannon Mitchell,Smartwatch,1,335.2729097,28/05/2024,West
1674,Matthew Hale,Headphones,2,432.7789726,11/08/2024,East
1675,Laura Summers,Tablet,5,845.7442153,24/11/2024,West
1676,Justin Ayala,Headphones,1,380.6069286,06/01/2025,East
1677,Keith Phillips,Headphones,5,1019.70973,12/06/2024,West
1678,Charles Daugherty,Laptop,2,139.2250684,22/07/2024,East
1679,Regina Brown,Monitor,1,635.0615283,26/03/2024,South
1680,Kimberly May,Tablet,1,366.891108,24/02/2024,North
1681,Jessica Reyes,Smartphone,1,1039.867905,15/02/2024,West
1682,Kerri Hall,Smartphone,3,1385.414479,27/09/2024,West
1683,Mrs. Alexandria Ware,Laptop,4,370.8385237,17/06/2024,North
1684,Sabrina Wright,Monitor,3,664.6243785,21/10/2024,West
1685,Jonathan Vazquez,Laptop,3,377.6379565,15/06/2024,West
1686,Walter Wolfe,Monitor,1,620.2150821,30/06/2024,West
1687,Laura Gutierrez,Headphones,1,1443.121505,27/04/2024,East
1688,Tammy Allen,Laptop,2,1417.450116,25/01/2024,North
1689,Jordan Brown,Monitor,4,1320.283229,20/06/2024,South
1690,Michael Barton,Smartphone,4,132.0655533,08/04/2024,East
1691,Beth Lawrence,Laptop,4,1156.349341,24/09/2024,South
1692,Gary Lindsey,Laptop,3,741.6041878,23/02/2024,South
1693,Julie Lozano,Laptop,3,1246.152798,11/06/2024,North
1694,Elizabeth Johnson,Tablet,1,1465.012074,28/06/2024,South
1695,Matthew Wells,Monitor,5,844.6756642,23/09/2024,East
1696,Jacob Bates,Laptop,1,729.1649112,26/12/2024,North
1697,David Adkins,Smartphone,1,1034.6607,19/12/2024,North
1698,Michael Black,Monitor,1,536.9821459,10/02/2024,North
1699,Gregory Smith,Tablet,1,1471.248755,12/02/2024,East
1700,Crystal Roberts,Smartwatch,5,1031.684758,04/05/2024,East
1701,Christy Lewis,Monitor,2,471.5733129,12/06/2024,East
1702,Scott Bowman,Smartwatch,5,939.8886179,06/11/2024,South
1703,Adrian Blankenship,Laptop,2,927.0849134,19/11/2024,South
1704,Jill Bond,Smartwatch,2,954.6616032,29/11/2024,West
1705,Thomas Acosta,Headphones,3,213.6369941,15/12/2024,North
1706,Julie Haas,Smartphone,1,1356.934034,25/04/2024,East
1707,Denise Turner,Headphones,3,113.8484093,08/03/2024,East
1708,Jacob Wells,Headphones,2,960.977209,01/06/2024,West
1709,Timothy Villanueva,Headphones,5,1422.183708,15/01/2024,West
1710,Timothy Rodriguez,Headphones,5,614.4351136,21/04/2024,South
1711,Joseph Rivers,Monitor,5,189.3157667,10/07/2024,North
1712,Patrick Thompson,Monitor,1,1474.291623,21/04/2024,South
1713,Denise Newton,Monitor,4,1207.377143,17/05/2024,North
1714,Joshua Warren,Tablet,4,786.8798481,08/03/2024,East
1715,Robert Medina,Headphones,2,238.8018202,13/05/2024,North
1716,Kayla Baker,Smartwatch,2,380.9484584,16/05/2024,West
1717,Andrew Flores,Laptop,1,116.6423245,13/04/2024,North
1718,Randy Jones,Laptop,4,1105.750577,02/02/2024,North
1719,Dawn Freeman,Monitor,5,314.341071,23/12/2024,South
1720,Natasha Baker,Tablet,1,1399.419729,24/03/2024,West
1721,Gary Irwin,Smartwatch,3,81.07412976,19/02/2024,West
1722,Jody Olson,Headphones,4,1067.220659,01/04/2024,South
1723,Billy Landry,Smartphone,2,207.9034415,05/01/2025,South
1724,Erica Davila,Headphones,1,1056.939916,05/08/2024,South
1725,Kelly Knapp,Laptop,4,575.5419594,26/06/2024,East
1726,Joseph Curtis,Headphones,2,454.7606431,02/10/2024,North
1727,Beth Holmes,Smartphone,4,695.9651062,29/12/2024,South
1728,Stephanie Mcdowell,Smartphone,4,1181.194295,28/12/2024,East
1729,Nicole Lopez,Tablet,5,1172.054676,12/07/2024,North
1730,Kristopher Stanley,Laptop,5,1019.066832,10/03/2024,South
1731,Robin Branch,Tablet,2,1261.690108,10/12/2024,West
1732,Melissa Boyle,Tablet,4,1397.744291,19/11/2024,East
1733,Jerry Chavez,Smartwatch,4,241.4582345,29/09/2024,South
1734,Vincent Dunlap,Tablet,3,1362.56739,16/04/2024,East
1735,Lisa Reynolds,Smartwatch,2,1006.792269,27/06/2024,South
1736,Michelle Hopkins,Laptop,4,1170.770927,21/04/2024,East
1737,April Perez,Laptop,1,1408.871666,18/04/2024,North
1738,Kathleen Carter,Smartwatch,3,1182.112854,01/10/2024,South
1739,Leslie Novak,Smartphone,4,107.1781936,01/06/2024,South
1740,Jerry Bird,Monitor,5,587.268844,08/11/2024,North
1741,Julie Chavez,Headphones,2,652.3798596,14/08/2024,East
1742,Stephen Cantrell,Smartwatch,4,1392.173812,10/05/2024,North
1743,Anna Williams,Tablet,5,1115.569808,23/12/2024,West
1744,Wesley Davis,Smartwatch,2,802.8358394,13/11/2024,South
1745,Jennifer Harper,Smartwatch,5,1196.070767,09/02/2024,West
1746,Marc Thomas,Monitor,5,918.0994053,19/08/2024,North
1747,Mark Snyder,Headphones,2,206.4329651,28/07/2024,North
1748,Shane Marks,Tablet,2,1283.147919,18/05/2024,South
1749,Mrs. Ana White MD,Headphones,3,505.0360574,16/03/2024,South
1750,Susan Anderson,Headphones,4,1287.172951,01/12/2024,East
1751,Crystal Jimenez,Smartwatch,3,1140.870934,28/05/2024,West
1752,Justin Ward,Laptop,4,1226.311138,21/09/2024,West
1753,Benjamin Jones,Tablet,4,420.3955648,02/03/2024,South
1754,Jack Daniels,Smartphone,4,1413.617208,28/08/2024,East
1755,Luis French,Monitor,4,50.27941523,26/06/2024,West
1756,Ryan Brown,Smartphone,2,347.8589644,19/05/2024,West
1757,Wayne Wilson,Smartphone,4,357.0633219,20/10/2024,South
1758,Michael Rice,Smartphone,2,498.8219623,29/10/2024,South
1759,Michael Sims,Laptop,4,742.7860049,13/12/2024,East
1760,Laura Pittman,Smartwatch,5,919.4992094,18/02/2024,West
1761,Nathaniel Hampton,Tablet,5,305.1526497,12/09/2024,West
1762,Kylie Miller,Smartwatch,2,521.4050852,01/03/2024,West
1763,Katie Coleman,Headphones,5,1298.165521,04/02/2024,East
1764,Mark Lucero,Tablet,2,1295.17061,31/07/2024,East
1765,Ashley Knight,Smartwatch,1,378.9924382,07/07/2024,South
1766,Joshua Lopez,Headphones,2,1065.217117,24/06/2024,North
1767,Glenn Reynolds,Smartphone,3,217.0143973,28/01/2024,East
1768,Mario Park,Smartwatch,1,1154.297141,20/10/2024,West
1769,Bradley Clark,Laptop,3,744.5923484,25/06/2024,East
1770,Fernando Weber,Tablet,3,465.2506588,26/03/2024,North
1771,James Trujillo,Headphones,5,118.3477735,02/12/2024,South
1772,Karla Acevedo,Smartphone,5,683.9612681,14/04/2024,West
1773,Timothy Jones,Smartphone,4,950.3606079,22/06/2024,South
1774,Travis Moreno,Smartwatch,2,422.3168298,27/10/2024,North
1775,Nicole Bell,Smartwatch,4,1462.139158,11/06/2024,East
1776,Charles Greene,Smartphone,3,1426.10775,11/06/2024,North
1777,Sierra Nelson,Laptop,2,1028.579742,13/05/2024,North
1778,Kelly Miller,Tablet,2,152.2355225,22/01/2024,South
1779,Juan Allen,Smartwatch,2,56.99691021,01/09/2024,East
1780,Keith Sanchez,Laptop,5,1447.226578,23/02/2024,West
1781,Michael Nunez,Smartwatch,4,1040.880507,03/10/2024,East
1782,Rhonda Lewis,Tablet,1,812.1679822,18/11/2024,South
1783,Erica Davis,Smartphone,1,1406.413378,30/11/2024,East
1784,Russell Stephens,Headphones,4,173.7231769,12/04/2024,South
1785,Brittany Bryan,Smartphone,1,980.6776328,24/02/2024,North
1786,Brian Reeves,Monitor,1,309.2084871,12/12/2024,South
1787,William Smith,Smartphone,1,131.8546972,15/10/2024,South
1788,Allison Johnson,Laptop,1,383.315041,05/11/2024,North
1789,Mark Campbell,Laptop,1,355.4578934,17/06/2024,East
1790,Linda Cunningham,Tablet,3,60.52311685,04/12/2024,North
1791,Brandon Johnson,Tablet,4,137.0484433,17/11/2024,North
1792,Jennifer White,Headphones,5,185.4062822,20/09/2024,West
1793,Albert Wilkinson,Monitor,1,647.9166149,02/09/2024,West
1794,Elizabeth Richards,Smartwatch,5,859.161014,06/04/2024,East
1795,Kaitlyn Mitchell,Smartwatch,3,1068.396848,13/04/2024,North
1796,Rebecca Castro,Smartphone,3,181.576668,31/12/2024,East
1797,Virginia Padilla,Headphones,4,83.20315842,21/09/2024,North
1798,Tony Herrera,Tablet,1,722.4321042,10/11/2024,North
1799,Kathleen Decker DDS,Monitor,1,1399.703638,12/04/2024,West
1800,Briana Kelley,Smartphone,1,470.4165413,23/12/2024,West
1801,Jennifer Gomez,Headphones,1,272.3115766,06/11/2024,South
1802,Gene Carpenter,Laptop,1,692.5532915,17/04/2024,West
1803,Margaret Jackson,Headphones,5,59.33776214,17/03/2024,West
1804,Darlene Jones,Laptop,4,341.7997555,08/11/2024,East
1805,Jasmine Stephenson,Tablet,5,1354.804724,10/03/2024,North
1806,John Hall,Tablet,4,688.6861439,01/03/2024,North
1807,Jose Martin,Smartphone,3,1128.988415,23/07/2024,West
1808,Patrick Johnson,Monitor,4,517.1389463,06/04/2024,South
1809,Kenneth Holmes,Smartphone,4,1496.499013,24/09/2024,East
1810,John Olson,Smartphone,4,191.8398529,13/09/2024,East
1811,Alyssa Gonzalez,Monitor,1,105.920866,12/07/2024,North
1812,Ryan Lewis,Smartphone,1,58.7937988,20/09/2024,South
1813,Alejandra Foster,Monitor,1,778.7139464,03/05/2024,North
1814,Karen Stephens,Monitor,5,1164.874973,27/09/2024,North
1815,Joshua Evans,Monitor,5,1203.648515,16/06/2024,West
1816,Erica Kirk,Tablet,5,1344.124773,19/06/2024,South
1817,Brandy Velez MD,Laptop,1,1463.000479,04/05/2024,South
1818,Richard Olson,Laptop,3,509.2224614,16/01/2024,East
1819,Matthew Pena,Headphones,5,1072.840386,22/09/2024,North
1820,Elizabeth Lopez,Laptop,3,1009.83827,06/07/2024,South
1821,Kayla Smith,Smartwatch,1,411.4502722,24/03/2024,West
1822,Kaylee Walter,Monitor,1,459.4163352,23/04/2024,South
1823,Jennifer Webb,Headphones,1,1336.014996,19/08/2024,East
1824,Rebekah Vargas,Monitor,3,1336.329297,01/12/2024,West
1825,Luke Shaw,Smartphone,1,634.971321,11/07/2024,East
1826,Michelle Thompson,Tablet,4,1107.860768,07/03/2024,North
1827,Brian Peterson,Monitor,5,870.4287722,04/09/2024,North
1828,Pamela Bowen,Monitor,3,1461.797761,31/01/2024,South
1829,Carol Parker,Smartphone,1,115.2129865,03/10/2024,South
1830,Jonathan Marshall,Monitor,1,745.4499893,04/01/2025,East
1831,Jacqueline Griffith,Monitor,5,1326.7531,21/08/2024,South
1832,Ernest Jordan,Monitor,5,394.47141,12/01/2025,East
1833,Mark Green,Headphones,2,965.359212,24/12/2024,West
1834,Alan Woodward,Smartwatch,2,211.9651098,20/11/2024,North
1835,Eric Andrews,Laptop,4,1275.212412,17/10/2024,West
1836,Michael Hardy,Monitor,2,1222.028597,12/06/2024,South
1837,John Velasquez,Monitor,2,1086.977356,06/05/2024,South
1838,Steven Pratt,Monitor,1,624.2902908,04/06/2024,East
1839,Maria Harris,Smartphone,1,464.1700549,18/06/2024,North
1840,Yolanda Hancock,Smartwatch,2,685.410988,20/12/2024,North
1841,Mr. Alexander Grant,Headphones,4,818.2994054,05/12/2024,West
1842,Brian Quinn,Tablet,1,948.7750594,29/06/2024,South
1843,Ashley Rollins,Smartwatch,2,532.4102484,05/09/2024,West
1844,Kathleen Frazier,Smartphone,3,1012.206772,30/07/2024,North
1845,Candace Morris,Headphones,2,1259.509855,09/09/2024,South
1846,Donald Owens,Headphones,3,993.0722107,18/11/2024,South
1847,Tiffany Norton,Tablet,2,853.2024728,06/04/2024,North
1848,Michael White,Smartphone,1,432.8781286,02/04/2024,West
1849,Vincent Collins,Smartphone,4,1180.414631,16/10/2024,South
1850,Jay Baker Jr.,Monitor,3,977.7524116,21/08/2024,South
1851,Anthony Davis,Laptop,3,1216.811987,02/06/2024,South
1852,Michael Reynolds,Tablet,4,1296.250422,01/12/2024,West
1853,Elizabeth Woods,Headphones,3,409.6858092,03/12/2024,West
1854,Jeffery Vang,Smartwatch,2,1173.814634,05/10/2024,North
1855,Andrea Moore,Smartwatch,3,813.8648583,02/05/2024,East
1856,Elizabeth Martinez,Smartwatch,4,895.7818655,20/06/2024,West
1857,Martin Barber,Monitor,4,719.7952165,01/07/2024,West
1858,Rodney Conner,Headphones,5,205.0285079,04/01/2025,East
1859,Cassandra Rogers,Tablet,3,865.9660418,26/07/2024,South
1860,Michele Skinner,Headphones,4,1227.309152,18/05/2024,North
1861,Denise Barrett,Tablet,3,444.5882377,27/03/2024,East
1862,Melanie Smith,Tablet,3,274.6649864,18/11/2024,South
1863,Jerry Harvey,Headphones,4,900.3093297,20/07/2024,West
1864,Amanda Sullivan,Headphones,5,297.3928623,19/03/2024,North
1865,David Brown,Smartphone,5,816.0868355,31/10/2024,East
1866,Nicholas Branch,Tablet,2,951.2395366,04/11/2024,West
1867,Chad Webb,Smartphone,3,234.5949929,25/10/2024,West
1868,Ronald Ortiz,Smartphone,3,370.9817995,31/12/2024,West
1869,Bradley Greene,Monitor,2,68.62210177,19/07/2024,West
1870,Stephanie Stewart,Smartphone,1,1271.262089,01/06/2024,West
1871,Stacey Wade,Smartwatch,1,716.22333,26/10/2024,North
1872,Anthony Ayala,Tablet,4,131.7629897,16/02/2024,North
1873,Julia Reeves,Monitor,5,649.4242126,21/03/2024,North
1874,Matthew Williams,Smartwatch,2,280.5065362,31/08/2024,West
1875,Alexa Butler MD,Smartphone,3,1055.983932,23/05/2024,North
1876,Donald Kennedy,Tablet,2,675.7653152,21/06/2024,South
1877,Amanda Campos,Monitor,2,408.9201283,27/08/2024,East
1878,Adam Yang,Smartphone,4,1464.746014,25/02/2024,West
1879,Benjamin Terrell,Monitor,5,902.3983853,10/01/2025,North
1880,Andrea Smith,Smartwatch,5,983.8221752,21/05/2024,South
1881,Jason Ramsey,Monitor,2,1466.12772,22/09/2024,East
1882,Albert Adams,Tablet,5,76.66025198,21/09/2024,South
1883,Darlene Khan,Laptop,1,332.269905,03/12/2024,East
1884,Leslie Ramos,Smartphone,1,1010.84775,09/12/2024,East
1885,Jordan Turner,Smartwatch,5,293.1923301,11/11/2024,North
1886,Elizabeth Powell,Smartphone,1,561.1626097,08/10/2024,South
1887,Mark Hernandez,Laptop,2,1385.224659,09/11/2024,South
1888,Colton Smith,Smartwatch,5,600.7550061,05/11/2024,East
1889,Brittany Thompson,Smartwatch,5,1166.65078,09/10/2024,South
1890,Bailey Jones,Monitor,4,267.4541664,08/09/2024,South
1891,Rebecca Martinez,Smartwatch,1,1336.292786,15/01/2024,West
1892,Vanessa Thompson,Tablet,4,1034.092224,03/03/2024,South
1893,Anna Buck,Laptop,2,618.9665506,05/10/2024,North
1894,Lee Robinson,Monitor,3,706.4642004,23/11/2024,North
1895,Alan Jones,Laptop,2,537.293498,16/10/2024,West
1896,Tony Garcia,Monitor,3,892.4537087,17/07/2024,East
1897,Lauren Lynch,Laptop,2,1313.508706,01/04/2024,South
1898,Dawn Johnson,Headphones,3,784.8824556,06/12/2024,North
1899,Brittany Kane,Headphones,2,189.9048927,03/07/2024,East
1900,Reginald Torres,Smartwatch,1,942.2522575,01/08/2024,West
1901,Cynthia Mueller,Tablet,4,556.0434998,08/02/2024,East
1902,Mary Owens,Headphones,4,346.1063487,03/01/2025,West
1903,Billy Rivera,Smartphone,2,611.8870921,01/09/2024,West
1904,William Powell,Smartphone,2,869.4559585,29/06/2024,West
1905,Russell Barnes,Headphones,4,1332.943896,16/07/2024,West
1906,Richard Barry,Smartphone,1,1021.263508,20/02/2024,West
1907,Karen Fox,Tablet,1,576.4610968,20/09/2024,South
1908,Pamela Garcia,Smartphone,2,1403.642703,07/03/2024,South
1909,Jeremy West,Headphones,2,495.3277841,13/01/2025,East
1910,Cynthia Duncan,Tablet,5,1393.072998,20/02/2024,East
1911,Jillian Jenkins,Laptop,4,860.1137925,08/03/2024,South
1912,Ryan Andrews,Smartwatch,4,1302.425667,09/07/2024,South
1913,Valerie Walker,Smartwatch,4,1374.219496,14/01/2024,North
1914,Martin Craig,Headphones,1,1082.109982,27/12/2024,South
1915,Steven Mcdonald,Smartphone,4,1013.93795,21/05/2024,East
1916,Suzanne Garcia,Smartphone,5,303.9459914,28/12/2024,West
1917,Andrea Jones,Laptop,3,91.03337834,30/10/2024,East
1918,William Long,Tablet,5,996.563875,22/03/2024,East
1919,Mary Burgess,Smartphone,1,352.2038662,02/08/2024,West
1920,Chris Mcmahon,Tablet,1,185.043239,18/01/2024,North
1921,Cassidy Mcclain,Headphones,2,1185.029601,07/10/2024,South
1922,Timothy Williams,Monitor,2,556.1187975,07/01/2025,East
1923,Edward Brown,Monitor,2,725.3955354,05/08/2024,South
1924,Rachel Duncan,Smartphone,5,1494.340471,15/04/2024,North
1925,David Holmes,Headphones,2,175.583671,11/04/2024,West
1926,Dustin Perez,Monitor,1,450.7907714,15/01/2024,North
1927,Robert Wright,Smartwatch,5,245.9877576,24/09/2024,North
1928,Laura Patterson,Tablet,1,739.3247919,25/02/2024,South
1929,Jennifer George,Laptop,1,257.4367239,27/02/2024,East
1930,Jerry Soto,Monitor,2,76.84374739,14/03/2024,East
1931,Amy Hart,Smartwatch,1,1488.474666,15/02/2024,South
1932,Stephen Barber,Headphones,5,1286.18174,10/01/2025,East
1933,Carolyn Peters,Smartwatch,4,988.6272528,18/07/2024,East
1934,Nicholas Simon,Smartphone,4,826.5278037,26/08/2024,North
1935,Gina Johnson,Smartwatch,1,1155.398794,03/05/2024,South
1936,Kristin Bailey,Smartphone,5,897.8677287,25/10/2024,East
1937,Latasha Johnson,Tablet,3,1426.686815,16/11/2024,South
1938,Eugene Mueller,Monitor,5,284.9940184,26/09/2024,South
1939,Michelle Jones DDS,Smartphone,4,154.3495628,28/08/2024,North
1940,John Lozano,Monitor,1,363.8827895,10/10/2024,West
1941,Melissa Kirk,Tablet,4,1051.206444,19/02/2024,North
1942,Jessica Kane,Smartwatch,4,1398.588297,25/12/2024,East
1943,Destiny Montgomery,Laptop,2,255.0147693,15/05/2024,East
1944,Laurie Johnson,Tablet,3,446.3779689,17/02/2024,West
1945,Vickie Stewart,Headphones,4,1069.917252,11/11/2024,East
1946,Stephanie Ray,Tablet,3,706.6420895,10/08/2024,South
1947,Amy Nguyen,Tablet,5,115.9055147,11/03/2024,South
1948,David Castaneda,Smartphone,4,1065.241366,22/01/2024,East
1949,Troy Diaz,Tablet,3,1359.211932,09/03/2024,West
1950,Joyce Parker,Tablet,1,904.8639226,22/08/2024,East
1951,Deborah Barnett,Monitor,4,923.3655304,04/06/2024,South
1952,Heather Mccarty,Laptop,3,1240.55667,22/05/2024,West
1953,Roy Rodriguez,Smartwatch,1,180.0883247,26/01/2024,South
1954,Stephanie Hatfield,Monitor,5,869.716137,22/04/2024,North
1955,Michael Rios,Laptop,5,174.6890301,17/05/2024,South
1956,Raymond Lewis,Headphones,4,957.0775156,18/03/2024,West
1957,Kevin Campbell,Tablet,3,290.9035647,30/12/2024,North
1958,Christina Chung,Smartphone,3,767.3502931,28/04/2024,South
1959,Erin Rodriguez,Smartwatch,1,983.8202153,12/03/2024,West
1960,Jennifer Kelly,Laptop,1,667.4481948,11/09/2024,East
1961,Katelyn Hernandez DDS,Monitor,5,1020.889139,25/09/2024,North
1962,Jason Taylor,Smartwatch,2,531.378518,17/02/2024,East
1963,Jason Higgins,Laptop,4,185.0710826,12/08/2024,East
1964,Brenda Hester,Smartphone,5,668.2097888,11/08/2024,East
1965,Christy Smith,Headphones,5,1345.085591,09/01/2025,West
1966,Daniel Lee,Laptop,4,719.5635553,28/09/2024,North
1967,Melissa Hall,Headphones,1,108.1255008,16/04/2024,West
1968,Dr. Brenda Hill,Tablet,3,121.8596035,03/01/2025,West
1969,Janet Flores,Monitor,4,480.1027042,17/07/2024,East
1970,Justin Martin,Smartphone,3,188.2775117,10/12/2024,North
1971,Victoria Gonzalez,Tablet,5,223.4926967,27/08/2024,South
1972,Adrian Conner,Smartphone,2,1467.266618,12/04/2024,East
1973,Savannah Williams,Smartphone,1,97.28605514,14/01/2024,North
1974,Jennifer Williamson,Tablet,3,61.67583688,30/04/2024,North
1975,James Archer,Monitor,1,1237.149212,01/11/2024,North
1976,Stephen Davis,Laptop,2,128.1046708,13/03/2024,West
1977,Harry Matthews,Smartphone,1,798.9655015,20/11/2024,South
1978,Lori Brown,Tablet,3,905.7412693,19/01/2024,North
1979,Terri Brown,Monitor,5,462.3129795,08/02/2024,West
1980,Julia Wright,Smartphone,4,1422.112897,27/11/2024,East
1981,Lori Jackson,Smartwatch,2,1012.2597,11/12/2024,West
1982,Michael Morrow DVM,Laptop,3,1476.444108,29/01/2024,South
1983,Margaret Sanders,Laptop,2,341.1060445,22/02/2024,South
1984,Jason Cox,Monitor,4,1126.497008,13/11/2024,South
1985,Katherine Silva,Smartphone,2,855.7393532,11/03/2024,South
1986,Catherine Powell,Smartwatch,5,1303.700947,15/12/2024,North
1987,Jason Quinn,Laptop,5,699.7452618,22/09/2024,South
1988,Jason Hubbard,Tablet,4,1037.20941,09/12/2024,North
1989,Miguel Roberts,Headphones,3,327.9994601,12/08/2024,North
1990,Megan Haynes,Smartwatch,5,1130.479526,21/11/2024,West
1991,Leah King,Laptop,2,712.2754097,01/07/2024,West
1992,Dylan Cortez,Laptop,1,1266.456493,09/02/2024,South
1993,Michael Cole,Tablet,1,1074.714888,21/03/2024,North
1994,Robert Sandoval,Smartphone,4,612.0004973,29/10/2024,East
1995,Teresa Beltran,Headphones,1,922.6841755,22/06/2024,North
1996,Joseph Brooks,Monitor,4,1177.623007,19/12/2024,North
1997,Ashley Hull,Headphones,4,595.2675729,05/07/2024,East
1998,Edwin Spencer,Headphones,5,179.2710588,28/03/2024,East
1999,Melissa Graham,Headphones,5,802.1465082,03/11/2024,East
2000,Margaret Higgins,Monitor,3,278.7602624,11/10/2024,North
2001,Tammy Gardner,Laptop,4,771.478122,20/12/2024,North
2002,Anthony Ortega,Monitor,5,862.0759998,09/01/2025,North
2003,Brian Bullock,Tablet,1,858.23424,27/06/2024,East
2004,Michael Chandler,Tablet,3,856.4211537,04/01/2025,West
2005,Ashley Newman,Monitor,5,1479.080471,06/02/2024,South
