order_id,customer_name,product,quantity,price_per_unit,order_date,region
1001,Alice Johnson,Laptop,1,1200,01/12/2024,North
1002,Bob Smith,Smartphone,2,800,05/12/2024,East
1003,Charlie Lee,Tablet,1,300,07/12/2024,West
1004,Diana White,Laptop,1,1200,12/12/2024,North
1005,Evan Green,Smartwatch,3,250,15/12/2024,South
1006,Andrew Snyder,Laptop,1,168.89,02/10/2024,West
1007,Angel Weber,Headphones,2,932.81,07/05/2024,South
1008,Robert Wilkerson,Laptop,4,1482.55,31/08/2024,South
1009,Sandra Carlson,Smartphone,4,1463.26,16/11/2024,North
1010,Isaiah Fleming,Tablet,2,1162.87,25/11/2024,East
1011,Theresa Pearson,Monitor,4,705.89,17/01/2024,South
1012,Maria Watts,Laptop,5,113.34,10/11/2024,West
1013,Kathryn Kennedy,Smartphone,3,826.29,18/10/2024,North
1014,Eric Pruitt,Tablet,5,1396.81,29/03/2024,North
1015,Parker Moore,Smartphone,5,1268.71,18/04/2024,South
1016,Nancy Martinez,Headphones,3,82.87,16/01/2024,West
1017,Yvonne Williamson,Laptop,2,460.46,11/01/2025,East
1018,Katie Williams,Laptop,4,404.45,21/11/2024,North
1019,Tanner Marshall,Smartwatch,4,1207.06,03/10/2024,North
1020,Megan Mitchell,Monitor,1,1424.39,09/12/2024,East
1021,Joshua Waters,Monitor,3,160.2,27/03/2024,West
1022,Kim Robinson,Headphones,2,1246.4,25/01/2024,North
1023,Kimberly Lewis,Laptop,3,732.1,09/08/2024,South
1024,Tina Steele,Tablet,2,1328.77,21/04/2024,East
1025,Kenneth Dalton,Headphones,1,1329.85,06/01/2025,East
1026,David Henderson,Laptop,2,1310,31/08/2024,South
1027,Tammy Price,Monitor,5,254.83,19/02/2024,North
1028,Kayla Todd,Smartphone,2,509.11,05/07/2024,North
1029,Mrs. Sandra Young,Monitor,3,1488.2,03/05/2024,East
1030,Olivia Cordova,Smartphone,3,189.26,03/12/2024,West
1031,Linda Thomas,Smartphone,4,973.13,02/05/2024,North
1032,Gwendolyn Smith,Smartwatch,4,1172.49,03/08/2024,East
1033,Steven Sanders,Smartphone,1,677.25,17/03/2024,North
1034,Christine Oconnor MD,Monitor,4,1063.07,11/07/2024,North
1035,Jennifer Moore,Laptop,3,544.55,01/08/2024,South
1036,Daniel Gallagher,Tablet,4,810.09,06/08/2024,South
1037,Megan Jacobson,Headphones,3,350.83,13/01/2025,North
1038,Timothy Knight,Tablet,2,1219.35,16/03/2024,North
1039,Julie Sullivan,Smartwatch,1,417.43,17/02/2024,South
1040,Phillip Lane,Tablet,1,1103.16,30/09/2024,North
1041,Paul Lam,Smartwatch,2,940.6,01/11/2024,North
1042,Tammy Christian,Smartwatch,1,1400.67,05/11/2024,North
1043,David Wood,Smartphone,2,972.33,28/11/2024,North
1044,Christine Nunez,Smartphone,5,528,23/12/2024,South
1045,Rachel Villa,Smartwatch,4,609.63,03/12/2024,East
1046,Michael Bradford,Smartphone,3,139.3,18/02/2024,North
1047,Tammy Young,Monitor,2,889.09,29/11/2024,South
1048,Marie Thomas,Tablet,4,309.79,20/11/2024,East
1049,Alex Jones,Smartphone,4,232.48,10/03/2024,East
1050,Mary Hale,Smartphone,4,1133.76,23/08/2024,East
1051,Jillian Jordan,Smartphone,4,805.18,31/03/2024,West
1052,Donald Johnson,Monitor,1,1317.52,20/11/2024,South
1053,Carl Richards,Tablet,1,669.01,10/03/2024,South
1054,Teresa Whitney,Laptop,1,846.85,10/01/2025,South
1055,Justin Montes,Smartphone,5,425.16,02/03/2024,South
1056,Victor Tran,Tablet,2,876.64,18/06/2024,West
1057,Stephen Carney,Monitor,2,1016.17,03/01/2025,West
1058,Samantha Gonzalez,Monitor,3,157.52,27/06/2024,South
1059,Sarah Lynch,Tablet,1,338.75,04/09/2024,West
1060,Timothy Mcdonald,Tablet,2,1065.83,28/10/2024,South
1061,Mary Walter,Monitor,5,323.69,06/04/2024,West
1062,Stuart Luna,Smartphone,4,718.19,13/05/2024,West
1063,Gregory Wagner,Headphones,5,1406.48,31/07/2024,East
1064,Heidi Cooper,Tablet,1,1483.01,07/10/2024,West
1065,Jason Contreras,Headphones,1,505.66,27/04/2024,West
1066,Angela Burke,Smartphone,2,75.96,04/02/2024,North
1067,Tracy Miller,Monitor,5,948.32,03/04/2024,South
1068,Chase Stevens,Smartwatch,5,1140.48,14/01/2024,North
1069,Eric Colon,Headphones,3,285.44,05/10/2024,North
1070,Russell Perry,Smartphone,1,56.76,09/12/2024,South
1071,Sherry Weber,Tablet,5,417.49,03/02/2024,West
1072,Christopher Brown,Smartwatch,4,1416.41,22/04/2024,North
1073,Paul Garcia,Smartwatch,3,125.1,13/05/2024,North
1074,Kristin Dunn,Laptop,2,829.75,12/06/2024,East
1075,Thomas Willis,Laptop,3,1410.83,30/07/2024,North
1076,Nathan Duran,Smartphone,3,1377.29,23/04/2024,South
1077,Mike Wiggins,Smartwatch,3,648.34,03/12/2024,West
1078,Steven Rodriguez,Laptop,4,945.94,26/10/2024,West
1079,Jordan Schultz,Tablet,4,975.34,29/03/2024,West
1080,Jacob Ruiz,Smartphone,4,922.72,04/01/2025,North
1081,Kimberly Willis,Smartwatch,3,197.93,18/01/2024,North
1082,Michael Charles,Smartphone,2,1415.71,20/06/2024,North
1083,Karen Ray,Smartwatch,3,518.46,22/09/2024,South
1084,Regina Stone,Monitor,3,965.94,04/11/2024,East
1085,Victor Garcia,Laptop,4,76.19,10/07/2024,North
1086,Andrew Graves,Monitor,3,910.03,15/10/2024,East
1087,Toni Maxwell,Smartphone,2,264.32,29/09/2024,West
1088,Austin Davidson,Laptop,3,447.4,02/12/2024,East
1089,Cathy Lewis,Monitor,2,996.97,08/02/2024,West
1090,Samantha Bell,Smartphone,4,691.92,20/07/2024,South
1091,Clayton White,Monitor,3,746.84,27/03/2024,North
1092,Jason Woods,Tablet,2,1205.07,16/02/2024,North
1093,Maria Harris,Laptop,4,1438.28,03/03/2024,South
1094,Michele Velasquez,Tablet,3,1464.6,15/06/2024,West
1095,Larry Garcia,Laptop,3,712.12,17/04/2024,North
1096,Tara Gardner,Smartphone,2,235.16,15/11/2024,East
1097,Michael Goodwin DDS,Monitor,2,813.13,06/11/2024,South
1098,Diane Martin,Tablet,4,1112.3,16/11/2024,West
1099,Lisa Thomas,Tablet,5,1115.38,09/05/2024,West
1100,Jessica Barnes,Laptop,2,819.29,03/03/2024,West
1101,Brittany Ramirez,Tablet,1,572.85,24/01/2024,West
1102,Beth Kane,Smartphone,4,940.58,28/05/2024,South
1103,Katrina Cole,Smartphone,5,1110.37,03/12/2024,East
1104,Maria Crosby,Smartphone,4,1411.88,02/01/2025,North
1105,Charles Brown,Smartwatch,2,273.37,09/04/2024,West
1106,Anthony Hodge,Smartwatch,1,252.75,09/06/2024,South
1107,Daisy Jones,Laptop,5,665.65,23/04/2024,East
1108,Sarah Hernandez,Smartwatch,3,913.38,28/11/2024,East
1109,Mandy Griffith,Smartphone,4,89.85,06/10/2024,East
1110,Richard Phillips,Tablet,1,349.2,21/03/2024,North
1111,John Moyer,Monitor,1,799.51,11/11/2024,South
1112,Michael Ellis,Smartwatch,5,348.76,07/01/2025,West
1113,Robert Smith,Smartphone,1,1325.8,24/12/2024,East
1114,Kimberly Phillips,Headphones,3,295.95,29/05/2024,West
1115,Lisa Mckee,Smartphone,2,509.87,23/12/2024,North
1116,Melissa Clark,Monitor,5,777.77,20/03/2024,North
1117,John Elliott,Laptop,5,632.29,31/03/2024,West
1118,Crystal Serrano,Headphones,1,222.71,24/06/2024,North
1119,Marissa Grant,Tablet,3,51.38,23/05/2024,West
1120,Joy Crawford,Smartwatch,3,369.76,23/07/2024,South
1121,Megan Anderson,Laptop,2,610.29,11/12/2024,West
1122,Suzanne Brown,Tablet,5,785.09,18/04/2024,North
1123,Carolyn Walker,Smartwatch,4,147.08,05/02/2024,North
1124,Bradley Baker,Smartwatch,5,431.42,22/10/2024,North
1125,David Escobar,Headphones,3,1157.66,24/08/2024,North
1126,Anthony Coleman,Smartphone,4,424.23,20/07/2024,South
1127,Mark Mendez,Headphones,1,396.77,25/07/2024,North
1128,Elizabeth Griffin,Tablet,3,56.9,31/08/2024,South
1129,Renee Moore,Monitor,2,398.74,07/10/2024,South
1130,Rachel Alvarez,Headphones,1,1078.97,20/09/2024,South
1131,Vanessa Campbell,Smartphone,1,118.85,06/03/2024,North
1132,James Edwards,Headphones,2,302.56,17/03/2024,North
1133,Richard Lewis,Laptop,1,1129.79,27/03/2024,South
1134,Katherine Mendoza,Smartwatch,1,883.3,29/10/2024,East
1135,Michael Wilkinson,Monitor,3,1076.66,20/03/2024,West
1136,Chelsea Shaffer,Laptop,2,986.56,30/11/2024,East
1137,Andrew Smith,Smartwatch,1,201.99,03/04/2024,East
1138,Andrew Cox,Smartphone,1,80.47,06/06/2024,East
1139,April Michael,Smartwatch,2,715.28,19/08/2024,South
1140,Matthew Hughes,Laptop,3,458.13,20/03/2024,West
1141,Ashley Waters,Tablet,4,1439.01,22/03/2024,North
1142,Brittany Chapman,Monitor,1,343.34,06/09/2024,East
1143,James Warren,Smartphone,1,274.62,06/02/2024,South
1144,Wayne Rivera,Monitor,5,1480.5,26/02/2024,South
1145,Megan Collins,Smartphone,5,755,22/09/2024,South
1146,Melissa Smith,Headphones,4,560.43,16/03/2024,West
1147,James Garcia,Laptop,2,482.99,19/11/2024,West
1148,Lori Nelson,Headphones,5,997.43,09/03/2024,East
1149,Denise Butler,Headphones,5,1182.85,14/05/2024,South
1150,Anita Thompson,Smartphone,3,691.73,03/11/2024,South
1151,Madeline Banks,Laptop,3,124.39,28/12/2024,East
1152,David Snyder,Monitor,1,1123.9,21/12/2024,East
1153,Lindsey Medina,Tablet,4,388.59,20/09/2024,East
1154,Dwayne Martin,Smartphone,2,1032.92,21/03/2024,South
1155,Catherine Brown,Monitor,1,787.07,08/06/2024,West
1156,Cynthia Smith,Smartphone,1,492.71,23/10/2024,South
1157,Ms. Heather Day,Tablet,4,107.05,21/05/2024,West
1158,Matthew Johnson,Monitor,1,494.88,06/01/2025,South
1159,Thomas Wall,Smartwatch,1,117.77,06/04/2024,West
1160,Diana Barton,Smartphone,4,860.18,04/12/2024,West
1161,Eric Rhodes,Monitor,5,621.17,06/11/2024,South
1162,Sharon Barber,Monitor,1,1397.11,03/11/2024,East
1163,Brian Thompson,Smartphone,2,1298.7,25/03/2024,South
1164,Toni Johnson,Tablet,1,259.89,13/08/2024,East
1165,Samantha Armstrong,Laptop,1,586.47,07/07/2024,South
1166,Elizabeth Williams,Tablet,4,1027.7,30/08/2024,North
1167,Melissa Rodriguez,Smartwatch,3,325.54,08/08/2024,East
1168,Alexander Duncan,Smartwatch,2,927.05,02/03/2024,South
1169,Matthew Schneider,Smartwatch,1,1301.55,20/07/2024,North
1170,Jason Jones,Monitor,3,130.67,08/04/2024,North
1171,Julie Downs,Tablet,2,571.16,24/01/2024,South
1172,Stephen Hamilton,Monitor,5,1152.88,05/07/2024,East
1173,Christine Weiss,Laptop,3,1041.56,19/04/2024,East
1174,Thomas Daniels,Monitor,3,634.66,10/08/2024,South
1175,Aaron Howard,Tablet,4,1067.86,13/06/2024,East
1176,Rebecca Robinson,Smartphone,3,1127.98,06/11/2024,East
1177,Pedro Young,Headphones,3,1162.96,27/03/2024,South
1178,Kim Hernandez,Tablet,1,1125.69,20/11/2024,West
1179,Jeffery Lewis,Tablet,1,678.12,09/05/2024,East
1180,Amanda Cline,Smartphone,5,1453.42,07/02/2024,West
1181,Kelly Perkins,Smartwatch,5,1155.86,12/01/2025,North
1182,James Mendez,Monitor,2,1212.09,01/01/2025,North
1183,Randy White,Tablet,1,973.85,05/12/2024,North
1184,Danielle Tucker,Monitor,3,918.64,10/05/2024,North
1185,Caleb Sanchez,Monitor,4,1096.71,10/03/2024,South
1186,Timothy Ball,Smartphone,5,755.37,30/11/2024,North
1187,Rachel Coleman,Smartwatch,5,569.23,11/02/2024,East
1188,Mary Scott,Tablet,4,506.61,17/11/2024,North
1189,Angela Phillips,Smartwatch,1,293.77,27/07/2024,East
1190,Annette Carpenter,Smartwatch,3,1013.61,19/05/2024,North
1191,Jennifer Walter,Monitor,4,372.73,06/12/2024,South
1192,Brian Barnes,Headphones,1,783.95,31/08/2024,South
1193,Emily Silva,Smartwatch,2,1206.35,21/06/2024,West
1194,Christine Bates,Laptop,5,1089.41,31/07/2024,East
1195,Michael Smith DVM,Laptop,5,1130.64,30/03/2024,North
1196,Gregory Soto,Laptop,1,714.88,13/04/2024,East
1197,Keith Alvarado,Laptop,2,880.37,27/10/2024,West
1198,Joshua Robinson,Smartphone,3,628.53,08/04/2024,East
1199,Austin Jackson,Smartphone,5,1404.29,09/10/2024,East
1200,William Cooper,Smartphone,3,299.36,14/01/2024,West
1201,Michael Sawyer,Headphones,2,1336.82,20/09/2024,North
1202,Jennifer Snyder,Smartwatch,3,959.65,05/10/2024,East
1203,Cindy Johnson,Monitor,3,1225.24,27/12/2024,South
1204,David Smith,Monitor,2,1183.54,11/10/2024,North
1205,Anthony Castillo,Monitor,5,241.53,20/04/2024,West
1206,Susan Martinez,Monitor,4,384.92,02/08/2024,East
1207,Joshua Cox,Monitor,2,190.56,04/09/2024,West
1208,Leah Carter,Tablet,2,634.4,26/04/2024,East
1209,Morgan Stone,Smartwatch,4,754.94,25/01/2024,South
1210,Laura Snow,Smartphone,1,1364.7,18/06/2024,East
1211,Alexander Sellers,Smartwatch,5,1367.18,07/07/2024,East
1212,Michael Baker,Laptop,2,551.3,04/02/2024,West
1213,Michael Sparks,Headphones,3,619.55,31/08/2024,North
1214,Alexandra Patel,Tablet,4,726.81,01/02/2024,North
1215,David Walker,Tablet,1,356.45,02/01/2025,South
1216,Angela Perez,Tablet,4,1114.81,20/10/2024,South
1217,Craig Brown,Laptop,5,591.26,16/11/2024,North
1218,Wesley Harris,Tablet,3,1171.51,08/12/2024,South
1219,Joy Wilson,Monitor,4,425.6,02/03/2024,East
1220,Mitchell Vaughn,Tablet,3,1215.02,23/10/2024,North
1221,Elizabeth Lee,Smartwatch,2,767.7,20/06/2024,South
1222,Michael Rodriguez,Headphones,5,474.99,11/12/2024,East
1223,Mario Jacobs,Smartphone,2,443.61,08/10/2024,West
1224,Johnny Ali,Smartwatch,1,183.72,06/03/2024,East
1225,Robert Watson,Smartwatch,4,1176.11,28/03/2024,East
1226,Jesse Finley,Monitor,4,567.49,26/11/2024,South
1227,Charles Smith,Tablet,5,981.37,05/10/2024,North
1228,Lauren Rodriguez,Laptop,2,358.37,06/12/2024,East
1229,Lisa Beck,Tablet,1,69.83,28/06/2024,West
1230,Veronica Coleman,Headphones,3,928.7,16/03/2024,East
1231,Christine Herman,Monitor,4,396.6,15/06/2024,West
1232,Christine Hendrix,Headphones,3,1324.35,13/03/2024,West
1233,Todd Fowler,Smartphone,4,502.29,02/04/2024,South
1234,Susan Hebert,Headphones,5,610.87,13/01/2025,West
1235,Karen Day,Smartwatch,5,275.71,19/01/2024,North
1236,Bobby Sosa,Tablet,4,978.31,29/11/2024,East
1237,Manuel Perez,Smartphone,4,826.6,25/01/2024,East
1238,Amanda White,Laptop,3,1280.75,12/01/2025,East
1239,Jennifer Moore,Smartwatch,1,97.15,13/04/2024,West
1240,Sandra Lawson,Headphones,2,515.95,22/02/2024,East
1241,Jennifer Alvarez,Smartphone,5,1477.16,25/12/2024,East
1242,Alexis Chambers,Monitor,3,995.46,26/04/2024,East
1243,Brittany Bradley,Headphones,4,1193.5,10/09/2024,East
1244,Sherri Williams,Tablet,2,1399.99,27/06/2024,South
1245,Regina Donaldson,Tablet,4,1210.26,20/03/2024,East
1246,Bill Hall,Smartphone,2,867.95,05/10/2024,North
1247,Jessica Pitts,Smartphone,1,544.62,27/11/2024,West
1248,Samuel Scott,Smartphone,4,920.65,18/08/2024,West
1249,Nicholas Moss,Smartphone,4,1246.87,21/11/2024,East
1250,Emily Ray MD,Smartphone,1,678.09,25/04/2024,North
1251,Misty Thompson,Smartphone,2,1335.97,14/12/2024,South
1252,Frederick Tran,Monitor,5,1192.94,25/01/2024,West
1253,Tonya Fitzpatrick,Headphones,2,535.76,27/05/2024,West
1254,Ms. Tara Vang,Tablet,1,240.66,14/10/2024,West
1255,Ann Cummings,Headphones,4,413.72,30/03/2024,North
1256,Martha Martin,Laptop,1,1226.37,29/05/2024,East
1257,Nicholas Lucas,Headphones,4,1289.71,15/06/2024,South
1258,Richard Bailey,Smartphone,3,695.68,25/01/2024,North
1259,Ryan West,Tablet,4,852.2,28/12/2024,East
1260,Amanda Dean,Smartphone,1,1386.36,25/01/2024,East
1261,Christopher Davidson,Tablet,3,369.34,15/05/2024,West
1262,Jodi Reese,Laptop,3,535.28,07/02/2024,South
1263,Charles Savage,Headphones,3,712.13,27/08/2024,East
1264,Paul Cooper,Headphones,3,475.47,07/07/2024,South
1265,Mrs. Danielle Murphy DDS,Headphones,3,642.55,07/06/2024,West
1266,Christine Taylor,Tablet,2,264.38,01/10/2024,South
1267,Marilyn Henry,Headphones,2,1257.7,05/07/2024,East
1268,Kathy Mckinney,Monitor,4,672.78,14/07/2024,East
1269,Eric Hart,Smartphone,3,983.8,16/09/2024,West
1270,Morgan Leon,Smartwatch,3,1076.96,11/12/2024,West
1271,Aaron Schmidt,Smartphone,5,1334.88,14/12/2024,South
1272,Laura Jenkins,Headphones,2,278.73,15/09/2024,North
1273,Mr. Antonio Oconnell,Smartphone,4,305.3,18/09/2024,West
1274,William Mcbride,Smartwatch,1,191,13/10/2024,South
1275,Keith Jones,Smartphone,2,428.1,10/02/2024,East
1276,John Miller,Headphones,4,371.97,28/03/2024,North
1277,Russell Bullock,Laptop,1,469.29,06/04/2024,East
1278,Robert Montgomery,Smartphone,4,759.47,28/01/2024,South
1279,Christy Curry,Headphones,3,177.04,01/09/2024,West
1280,Megan Taylor,Tablet,4,605.53,30/11/2024,North
1281,Leroy Watson,Smartphone,2,130.32,12/11/2024,North
1282,John Lucas,Laptop,1,701.02,02/12/2024,West
1283,Rebecca Howard,Laptop,3,521.46,21/03/2024,South
1284,Christina Hunter,Monitor,3,270.57,10/06/2024,North
1285,Dwayne Smith,Monitor,2,362.27,21/01/2024,South
1286,Sabrina Perry,Headphones,5,1382.58,26/11/2024,West
1287,Melinda Hardy,Smartwatch,2,271.48,20/06/2024,South
1288,Shelley Cortez,Tablet,3,126.73,29/10/2024,North
1289,Alexander Schwartz,Headphones,1,1258.84,11/09/2024,West
1290,Alejandro Williams,Monitor,3,351.95,29/04/2024,West
1291,Christian Lee,Smartwatch,4,437.68,22/11/2024,West
1292,Ryan Duke,Laptop,1,697.83,28/08/2024,West
1293,Matthew Madden,Smartwatch,5,842.2,07/10/2024,South
1294,Karen Reese,Monitor,5,1121.32,23/12/2024,South
1295,Elizabeth Freeman,Smartwatch,2,863.59,18/07/2024,South
1296,Christine Bonilla,Smartwatch,4,1374.78,18/01/2024,North
1297,Kristen Lopez,Tablet,1,407.51,10/04/2024,East
1298,Tiffany Butler,Tablet,3,651.26,01/08/2024,East
1299,Tyler Henderson,Headphones,1,968.5,28/04/2024,South
1300,Christopher Burke,Headphones,5,1389.83,02/05/2024,South
1301,Amanda Hicks,Smartphone,3,707.46,01/05/2024,East
1302,Austin Chaney,Smartwatch,3,1071.73,29/07/2024,South
1303,Michelle Elliott,Tablet,1,1061.86,09/03/2024,North
1304,Derrick Lewis,Smartwatch,5,1424.25,25/12/2024,South
1305,Stephanie Allen,Smartphone,4,647.14,10/09/2024,West
1306,Dalton Mason,Monitor,5,1417.12,09/10/2024,North
1307,Christine Smith,Smartphone,4,1027.89,15/12/2024,West
1308,Kevin Fry,Smartwatch,5,1214.12,27/09/2024,East
1309,Andrew Tucker,Tablet,5,551.8,11/07/2024,West
1310,Stephanie Vincent,Smartphone,1,202.8,07/04/2024,West
1311,Victor Rosales,Tablet,3,1322.3,05/11/2024,West
1312,Jesse Lee,Smartphone,2,1124.99,05/12/2024,South
1313,Kendra Michael,Smartphone,2,268.44,19/07/2024,West
1314,Wayne Phillips,Smartwatch,1,844.56,23/07/2024,North
1315,Crystal Calderon,Smartwatch,5,61.14,29/04/2024,East
1316,Dustin Hoffman,Headphones,3,225.69,02/07/2024,West
1317,Luis Morris,Smartwatch,1,791.53,15/03/2024,South
1318,Donna Rios,Monitor,1,742.32,24/12/2024,South
1319,Micheal Martinez,Smartphone,5,310.97,06/08/2024,North
1320,Janice Dougherty,Tablet,1,1258.08,06/07/2024,East
1321,Jennifer Johnson,Laptop,1,208.74,02/08/2024,South
1322,William Fitzgerald,Monitor,3,1240.95,20/12/2024,North
1323,Lisa Bowen,Smartwatch,4,1355.52,06/12/2024,South
1324,Brittney Hernandez,Smartphone,2,344.07,06/08/2024,South
1325,Emily Barnett,Laptop,4,918.04,04/06/2024,North
1326,Tammy Benjamin,Laptop,3,668.43,29/01/2024,North
1327,William Lozano,Smartphone,4,1425.53,03/06/2024,South
1328,Gary Ramirez,Tablet,4,132.82,05/05/2024,East
1329,Craig Walker,Smartwatch,3,74.65,29/08/2024,South
1330,Amy Woods,Headphones,4,511.64,10/12/2024,North
1331,Kara Harrell,Laptop,1,306.17,19/10/2024,South
1332,Walter Ryan,Smartwatch,4,290.6,01/11/2024,North
1333,Cindy Hudson,Laptop,1,356.83,08/10/2024,West
1334,Susan Perkins,Smartwatch,1,619.99,29/02/2024,West
1335,William Lloyd,Monitor,3,1382,26/10/2024,South
1336,Adrienne White,Monitor,3,336.04,15/11/2024,South
1337,Stefanie Nash,Smartphone,4,623.23,03/05/2024,North
1338,Stephanie Gray,Smartphone,1,1310.69,05/07/2024,North
1339,Lisa Harris,Headphones,4,522.97,23/09/2024,South
1340,Dustin Fox,Headphones,1,143.16,08/05/2024,South
1341,Melanie English,Tablet,3,491.16,30/10/2024,West
1342,Brian Parker,Tablet,3,436.9,03/06/2024,West
1343,Alexis Bradford,Tablet,1,1339.1,25/03/2024,North
1344,Amanda Oliver,Smartwatch,4,1375.99,14/08/2024,East
1345,Aaron Brooks,Monitor,3,990.98,16/07/2024,North
1346,Maureen Walker,Smartwatch,3,1372.59,06/02/2024,East
1347,Jose Phillips,Smartphone,1,791.95,29/12/2024,North
1348,Kendra Spence,Monitor,2,321.43,17/12/2024,North
1349,Dr. Julie Daniel,Smartwatch,3,949.76,20/05/2024,West
1350,Christine Hayden,Laptop,3,1325.94,14/10/2024,North
1351,Mariah Porter,Headphones,1,87.92,09/08/2024,West
1352,Amy Smith,Smartwatch,1,1123.67,30/08/2024,North
1353,Christine Smith,Smartphone,1,142.27,14/03/2024,South
1354,Christine Johnson,Tablet,2,1190.48,06/10/2024,West
1355,Angela Lyons,Tablet,5,791.28,03/08/2024,East
1356,Gene Nguyen,Smartphone,2,161.08,18/01/2024,North
1357,Laura Lee,Smartphone,4,679.6,29/11/2024,West
1358,William Haley,Smartphone,5,63.48,21/09/2024,East
1359,Stephanie Cervantes,Laptop,5,1155.23,02/01/2025,South
1360,Shane Smith,Monitor,2,1045.51,09/10/2024,East
1361,Barbara Carrillo,Smartwatch,5,777.01,16/05/2024,North
1362,Heather Clark,Monitor,2,1435.65,05/06/2024,North
1363,Joan Gray,Smartwatch,5,160.14,20/03/2024,South
1364,Susan Hart,Smartwatch,2,131.75,28/02/2024,South
1365,Brett Everett,Monitor,1,72.7,02/02/2024,North
1366,Brian Rubio,Laptop,2,1251.69,23/07/2024,North
1367,Angela Brewer,Monitor,2,1384.49,06/10/2024,East
1368,Cody Douglas,Laptop,3,900.93,02/02/2024,North
1369,Maria Anderson,Smartwatch,2,581.15,20/11/2024,South
1370,Eric Garza,Smartwatch,4,970.5,20/11/2024,West
1371,Sarah Sanders,Smartphone,2,1079.09,23/02/2024,West
1372,Erica Gibson,Monitor,5,1051.41,05/06/2024,South
1373,Jake Austin,Smartphone,1,780.39,25/10/2024,East
1374,Douglas Keller,Smartphone,4,462.98,18/01/2024,North
1375,Jamie Morris,Smartphone,2,1464.56,17/02/2024,North
1376,Alexander Austin,Monitor,5,986.5,21/08/2024,South
1377,Jasmine Roth,Smartwatch,1,1071.72,29/10/2024,North
1378,Deborah Rogers,Smartphone,3,875.23,23/08/2024,East
1379,Leah Thompson,Monitor,2,147.77,08/07/2024,East
1380,Jason Alexander,Monitor,4,1428.2,31/01/2024,West
1381,Wesley Ramirez,Smartphone,1,904.43,16/11/2024,South
1382,Christine Anderson,Smartphone,2,990.88,18/08/2024,South
1383,Brian Delacruz,Tablet,2,966.2,15/07/2024,East
1384,James Dixon,Smartwatch,1,297.01,12/04/2024,East
1385,Gregory Cobb,Smartwatch,5,99.76,10/05/2024,North
1386,Omar Jackson,Headphones,2,1243.16,08/12/2024,East
1387,James Williams,Smartwatch,2,379.57,15/09/2024,North
1388,Hannah Griffin,Tablet,1,1240.87,13/07/2024,East
1389,Michelle Ramirez,Monitor,3,1478.67,19/07/2024,West
1390,Christopher Sanders,Monitor,5,695.25,25/03/2024,North
1391,Aaron Simmons,Laptop,2,1137.47,28/08/2024,East
1392,Stephanie Fox,Smartwatch,4,868.27,21/04/2024,South
1393,Sean Nelson,Smartphone,5,250.27,13/07/2024,North
1394,Mr. Nicholas Santiago,Tablet,5,683.05,12/09/2024,North
1395,James Thompson,Headphones,3,1319.81,15/11/2024,West
1396,Curtis Singleton,Headphones,1,115.62,25/10/2024,South
1397,Shannon Mcgee,Monitor,4,622.81,10/07/2024,West
1398,Joseph Lewis,Monitor,2,1092.7,13/06/2024,West
1399,Mark Simpson,Laptop,5,1442.27,01/05/2024,South
1400,Scott Richards,Laptop,3,654.92,27/04/2024,East
1401,Ashley Mitchell,Tablet,1,506.87,16/09/2024,North
1402,Christine Page,Laptop,5,655.65,16/09/2024,North
1403,Sara Fitzpatrick,Smartphone,5,1089.78,12/05/2024,West
1404,Benjamin Shah,Monitor,1,1251.63,28/09/2024,West
1405,Sophia Velasquez,Tablet,4,880.5,10/01/2025,North
1406,Vanessa Nichols,Laptop,1,589.39,06/07/2024,North
1407,Emily Jackson,Tablet,3,222.76,10/02/2024,West
1408,Anthony Miller,Laptop,4,428.85,12/09/2024,North
1409,James Boyd,Smartphone,4,455.51,16/05/2024,North
1410,David Wright,Smartphone,4,796.64,14/09/2024,West
1411,Karen Sparks,Laptop,2,487.01,12/02/2024,East
1412,Victoria Becker,Monitor,5,1096.17,15/01/2024,East
1413,Jennifer Barr,Laptop,4,93.23,14/06/2024,North
1414,Andrew Gutierrez,Laptop,4,63.06,06/07/2024,West
1415,Elizabeth Gomez,Smartwatch,4,821.6,24/04/2024,East
1416,Maurice Stewart,Laptop,4,411.08,08/10/2024,West
1417,Mrs. Brittany Rios,Headphones,2,1398.27,27/04/2024,East
1418,Sarah Bradley,Smartwatch,2,1419.02,01/02/2024,East
1419,Melissa Fields,Headphones,3,922.95,24/07/2024,North
1420,Sarah Hernandez,Monitor,4,388.92,17/01/2024,East
1421,Martha Williams,Smartwatch,5,1027.56,19/11/2024,West
1422,Christine Farley,Smartwatch,4,785.86,09/02/2024,West
1423,Ruben Garcia,Monitor,1,879.97,19/08/2024,East
1424,Steven Harding,Tablet,1,564.15,22/05/2024,North
1425,Anthony Stephens,Smartphone,4,215.43,13/09/2024,West
1426,Sara Smith,Tablet,2,1447.33,16/05/2024,East
1427,Lisa Anderson,Laptop,1,1314.66,01/04/2024,North
1428,Zachary Thomas,Monitor,3,853.13,13/07/2024,South
1429,Brian Wu,Headphones,2,1227.55,20/01/2024,East
1430,David Bowen,Monitor,5,426.43,21/02/2024,West
1431,Jared Ruiz,Monitor,1,1277.9,20/10/2024,South
1432,Tiffany Harvey,Tablet,4,1316.8,13/07/2024,North
1433,Jason Cowan,Smartphone,4,719.57,31/01/2024,East
1434,Anthony Douglas,Headphones,1,1416.7,12/02/2024,South
1435,Amanda Stone,Laptop,3,266.58,22/02/2024,South
1436,Virginia Dillon,Laptop,1,851.04,17/08/2024,North
1437,Mrs. Linda Dickson,Laptop,2,423.32,26/09/2024,South
1438,Jordan Hayes,Smartwatch,5,1096.9,19/08/2024,West
1439,Nicholas Ingram,Laptop,4,1249.19,14/01/2024,South
1440,Christopher Brown,Headphones,4,1416.16,07/06/2024,East
1441,Melissa Norman,Tablet,5,827.77,24/05/2024,North
1442,Melissa Kennedy,Smartwatch,5,926.9,29/11/2024,West
1443,Luke Moss,Tablet,1,347.64,20/09/2024,East
1444,Tina Wells,Monitor,1,1333.06,03/08/2024,East
1445,Madeline Jones,Monitor,1,439.04,01/06/2024,North
1446,Chad Lopez,Headphones,4,890.6,29/06/2024,South
1447,Scott Figueroa,Tablet,4,989.39,12/05/2024,South
1448,Donald Briggs,Laptop,4,1075.35,12/04/2024,South
1449,Lisa Pham,Laptop,5,1073.04,28/12/2024,North
1450,William Perez,Smartphone,5,1293.95,20/12/2024,West
1451,Dominique Davies,Laptop,5,714.64,17/07/2024,West
1452,Gary White,Monitor,4,430.48,28/06/2024,West
1453,Robert Lang,Headphones,1,547.26,22/12/2024,West
1454,Connor Valentine,Monitor,2,1086.25,13/01/2025,East
1455,Anthony Sanders,Monitor,1,1493.43,03/08/2024,South
1456,Denise Bell,Monitor,4,1140.65,23/05/2024,North
1457,Joseph Maynard,Smartwatch,5,1439.96,09/05/2024,North
1458,Amy Brown,Tablet,1,719.62,08/08/2024,West
1459,James Jones,Laptop,5,738.45,10/05/2024,East
1460,Misty Orozco,Laptop,4,600.88,16/06/2024,West
1461,Alicia Kirk,Smartwatch,3,1063.44,24/11/2024,South
1462,Nathaniel Smith,Headphones,3,726.22,05/06/2024,South
1463,Joshua Ho,Monitor,1,162.83,01/02/2024,South
1464,Dawn Garcia,Tablet,4,409.31,25/10/2024,North
1465,Michelle Brown,Laptop,1,1398.85,06/04/2024,West
1466,Erica Decker,Monitor,5,279.27,03/05/2024,South
1467,Victoria Curry,Smartphone,1,1139.18,22/12/2024,South
1468,Lisa Friedman,Smartwatch,2,438.03,23/03/2024,East
1469,Richard Petersen,Tablet,1,953.22,06/03/2024,West
1470,Stephanie Rangel,Smartphone,5,369.2,12/01/2025,East
1471,Elizabeth Flores,Smartwatch,4,929.09,25/08/2024,East
1472,Judith Cooper,Tablet,4,985.36,10/11/2024,West
1473,Brian Rodriguez,Laptop,1,484.81,06/07/2024,North
1474,Bradley Sanchez,Smartphone,3,1212.13,17/12/2024,East
1475,Matthew Palmer,Smartwatch,1,916.86,18/06/2024,North
1476,Richard Adams,Monitor,1,1166.61,08/06/2024,South
1477,Joshua Walker,Headphones,1,225.34,02/09/2024,East
1478,Anne Robbins,Laptop,1,240.75,18/07/2024,West
1479,Brenda Swanson,Headphones,2,460.23,20/04/2024,East
1480,Jason Bartlett,Laptop,1,606.67,02/10/2024,East
1481,Lawrence Mitchell,Headphones,3,463.83,24/02/2024,North
1482,Carla Valencia,Smartphone,1,1369.66,13/07/2024,North
1483,Ivan Miller,Headphones,2,466.6,31/08/2024,South
1484,Misty Pham,Laptop,1,1045.31,08/11/2024,East
1485,Roy Howard,Laptop,3,81.6,12/06/2024,North
1486,Chelsea Dawson,Smartwatch,5,506.64,06/03/2024,East
1487,Katherine Garrison,Headphones,2,1272.34,17/07/2024,South
1488,Jason Browning,Monitor,5,1085.62,06/05/2024,East
1489,Anna Reyes,Smartphone,5,333.96,01/04/2024,South
1490,Heidi Myers,Monitor,1,1043.05,14/07/2024,East
1491,Jeff Wright,Monitor,1,265.36,24/01/2024,West
1492,Kristina Hanson,Laptop,3,1422.3,30/12/2024,South
1493,Emma Franklin,Smartphone,3,321.11,06/04/2024,West
1494,Alexander Bryant,Smartwatch,5,242.83,05/03/2024,West
1495,Ashlee Gardner,Monitor,1,1160.87,25/08/2024,East
1496,Jennifer King,Laptop,2,1287.22,26/10/2024,South
1497,Anthony Hunter,Monitor,1,763.43,01/03/2024,West
1498,Bailey Collier,Smartwatch,1,1349.1,13/09/2024,South
1499,Jeanne Stone,Headphones,1,586.66,31/01/2024,West
1500,John Harmon,Smartwatch,2,770.9,11/11/2024,South
1501,Karen Stewart,Headphones,1,170.54,08/02/2024,South
1502,Jessica Bishop,Smartwatch,3,1397.72,02/05/2024,East
1503,Beth Patton,Tablet,3,328.06,20/11/2024,West
1504,Diane Neal,Smartphone,4,1482.92,30/04/2024,West
1505,Glen Rasmussen,Smartphone,4,363.9,31/03/2024,East
1506,David Becker,Laptop,1,920.34,09/07/2024,North
1507,Mark Cook,Tablet,3,199.49,18/04/2024,West
1508,Ellen Nguyen,Smartphone,4,161.48,15/09/2024,West
1509,James Hendrix,Smartphone,3,700.86,01/06/2024,East
1510,Ricky Davenport,Monitor,5,1160.25,30/01/2024,West
1511,Jasmine Thomas,Headphones,4,898.41,02/06/2024,East
1512,Megan Gonzalez,Smartphone,5,214.71,29/08/2024,East
1513,Robert Holland,Headphones,2,153.73,01/07/2024,West
1514,Donna Washington,Headphones,2,1077.46,29/12/2024,East
1515,Mary Bean,Smartwatch,4,1379.31,14/04/2024,East
1516,Jennifer Reid,Laptop,4,1330.26,01/07/2024,South
1517,Thomas Ross,Smartwatch,1,804.69,05/06/2024,North
1518,Sherri Serrano,Laptop,1,1187.04,28/03/2024,East
1519,John Cardenas,Smartwatch,2,220.66,07/09/2024,West
1520,Jeffrey Maldonado,Headphones,1,1315.85,10/04/2024,East
1521,Jennifer Choi,Smartwatch,2,1383.78,18/07/2024,East
1522,Bryce Griffith,Headphones,5,357.83,01/01/2025,West
1523,Christopher Case,Monitor,5,439.56,01/06/2024,South
1524,Lisa Gutierrez,Monitor,2,460.15,22/11/2024,East
1525,Adrian Schroeder,Smartwatch,3,205.48,16/09/2024,East
1526,Angela Grant,Smartwatch,3,934.34,02/12/2024,East
1527,Michael Chapman,Tablet,1,1438.99,04/10/2024,South
1528,Emma Schmidt DDS,Laptop,3,379.23,06/02/2024,West
1529,Brian Gutierrez,Laptop,1,1021.95,11/05/2024,East
1530,Shawn Miller,Smartwatch,1,1469.12,10/01/2025,West
1531,Andrew Williams,Smartwatch,1,1342.81,16/02/2024,East
1532,Erin Powell,Laptop,4,93.71,22/02/2024,West
1533,Luke Miller,Headphones,4,419.98,12/08/2024,East
1534,Mark Williams,Tablet,4,859.96,07/01/2025,South
1535,Michael Edwards,Laptop,4,779.5,05/06/2024,South
1536,Brandon Roberts,Smartwatch,5,1116.91,23/03/2024,South
1537,Sarah Johnson,Smartphone,5,1035.83,28/01/2024,West
1538,Jessica Mooney,Tablet,5,1374.84,09/07/2024,West
1539,Joseph Henderson,Smartwatch,2,1104.84,25/01/2024,West
1540,Jonathon Reid,Tablet,4,428.6,19/02/2024,East
1541,Phillip Ray,Monitor,4,208.97,15/08/2024,North
1542,Madison Drake,Headphones,5,870.45,14/09/2024,North
1543,Jason Watts,Headphones,5,1492.15,03/10/2024,North
1544,Donald Smith,Smartwatch,5,118.96,20/12/2024,West
1545,Shelly Flores,Tablet,4,271.99,08/08/2024,East
1546,Kevin Moore,Smartwatch,3,122.37,25/06/2024,West
1547,Mary Anderson,Monitor,4,1366.91,27/03/2024,West
1548,Mary Kim,Tablet,1,339.25,22/12/2024,South
1549,Shirley Mejia,Smartphone,5,1080.88,10/07/2024,East
1550,Christopher Alexander,Monitor,2,398.08,13/11/2024,South
1551,Samantha Andrews,Laptop,4,152.03,23/12/2024,South
1552,Megan Lopez,Laptop,2,632.42,26/04/2024,West
1553,Nicholas Cruz,Laptop,3,1024.76,11/04/2024,South
1554,Richard Brown,Smartwatch,4,532.26,30/12/2024,East
1555,Carol Oneill,Headphones,4,868.07,25/03/2024,South
1556,Bryan Snyder,Tablet,2,290.44,21/02/2024,North
1557,Roger Foley,Tablet,1,187.15,31/05/2024,South
1558,Dennis Franklin,Tablet,2,334.26,04/08/2024,North
1559,Martin Johnson,Headphones,1,301.55,23/01/2024,East
1560,Michelle Ibarra,Headphones,3,1493.03,04/03/2024,East
1561,Isaac Greer,Smartwatch,2,266.73,22/02/2024,North
1562,Sharon Myers,Monitor,5,274.3,18/03/2024,West
1563,Joanne Curtis,Headphones,3,651.8,05/09/2024,West
1564,Valerie Hamilton,Headphones,1,427.65,10/07/2024,East
1565,Jennifer Allen,Headphones,1,285.76,15/11/2024,East
1566,Tyler Watts,Smartwatch,5,1232.39,20/05/2024,South
1567,Jeffrey Thompson MD,Headphones,5,1262.97,22/04/2024,West
1568,Cynthia James,Smartphone,1,1066.77,18/11/2024,North
1569,Tyler Valdez,Tablet,3,1477.26,17/02/2024,West
1570,Jonathan Garza,Tablet,5,458.96,25/04/2024,East
1571,Sarah Richardson,Laptop,5,528.8,30/08/2024,South
1572,Kevin Francis,Headphones,5,1000.98,20/07/2024,West
1573,Rebecca Hunter,Laptop,2,1146.1,12/01/2025,East
1574,Robert Lopez,Tablet,4,537.46,06/11/2024,East
1575,David Taylor,Monitor,5,975.52,04/04/2024,West
1576,Chase Knight,Monitor,1,1026.35,03/08/2024,East
1577,Christine Vargas,Monitor,5,1322.5,05/04/2024,East
1578,John Crawford,Smartphone,1,77.27,10/01/2025,East
1579,David Parker,Smartwatch,2,967.48,22/06/2024,West
1580,Shelly Noble,Smartphone,4,475.97,18/04/2024,North
1581,Anthony James,Smartphone,2,1359.4,06/06/2024,South
1582,Denise Evans,Smartphone,4,719.13,11/04/2024,North
1583,Brandon Williams,Monitor,5,1120.07,08/04/2024,North
1584,Megan Lee,Smartphone,2,752.84,14/12/2024,North
1585,Harold Stewart,Laptop,4,148.14,08/03/2024,North
1586,Timothy Williams,Smartwatch,1,599.1,30/03/2024,South
1587,Elizabeth Martin,Smartwatch,2,1239.06,16/10/2024,South
1588,Thomas Marquez,Tablet,1,144.74,09/04/2024,East
1589,Taylor Haley,Smartphone,3,562.06,23/11/2024,North
1590,Phillip Ross,Monitor,1,1188.52,13/09/2024,East
1591,Rachel Mcclain,Laptop,5,1454.16,13/02/2024,East
1592,Julie Holmes,Headphones,3,1435.84,11/05/2024,South
1593,Misty Pruitt,Headphones,1,101.44,09/06/2024,North
1594,Jillian Jackson,Smartwatch,1,338.79,11/04/2024,South
1595,Daniel Walker,Smartphone,5,1148.15,30/12/2024,West
1596,David Smith,Monitor,2,1325.02,24/07/2024,East
1597,Angela Riley,Smartwatch,4,143.62,02/04/2024,East
1598,Raymond Dodson,Smartwatch,4,763.81,17/05/2024,North
1599,Joshua Miller,Laptop,5,666.68,30/10/2024,South
1600,Sarah Strickland,Monitor,3,99.77,13/07/2024,West
1601,Susan Burton,Headphones,4,870.92,25/11/2024,East
1602,Michael Campbell,Smartwatch,3,69.22,19/12/2024,South
1603,Brett Diaz,Monitor,5,1309.75,02/04/2024,West
1604,Brandon Smith,Smartwatch,4,536.23,27/02/2024,North
1605,Danielle Pugh,Tablet,4,633.26,01/12/2024,South
1606,Christopher Baker,Monitor,1,355.32,20/09/2024,North
1607,Morgan Parker,Laptop,4,650.5,26/07/2024,East
1608,Stephanie Thompson,Smartwatch,4,134.87,09/08/2024,South
1609,Karen Wallace,Monitor,2,1255.86,23/06/2024,East
1610,Lisa Gray,Smartphone,4,453.75,11/01/2025,South
1611,Pamela Bell,Smartwatch,3,1174.95,30/06/2024,South
1612,Tracy Bishop,Headphones,5,1103.79,12/01/2025,West
1613,Kevin Fisher,Monitor,1,1406.52,31/03/2024,East
1614,Melinda Bradshaw,Monitor,5,844.86,26/05/2024,South
1615,Heidi Nguyen,Tablet,3,572.73,09/09/2024,West
1616,Christopher Wilson,Tablet,4,396.21,20/01/2024,West
1617,William Johnston,Headphones,4,113.62,24/03/2024,West
1618,Luis Holmes,Smartphone,2,853.48,16/10/2024,South
1619,Daniel Wolfe,Laptop,3,988.13,29/10/2024,South
1620,Wendy Chavez,Smartwatch,3,673.81,27/03/2024,South
1621,Emily Davis,Tablet,3,1090.66,02/04/2024,North
1622,Susan Richardson,Laptop,3,503.65,31/07/2024,West
1623,Heather Rowe,Laptop,2,389.86,09/12/2024,East
1624,Richard Carter,Smartphone,1,259.65,14/02/2024,East
1625,Brian Gonzalez,Monitor,4,1119.43,20/05/2024,North
1626,Megan Johnson,Laptop,3,1135.7,05/08/2024,East
1627,Natalie White,Smartphone,1,1115.02,10/08/2024,North
1628,Kevin Hernandez,Smartphone,1,177.53,01/05/2024,East
1629,Stephen Kramer,Smartphone,2,238.12,10/03/2024,South
1630,Michael Richards,Smartphone,4,887.27,01/06/2024,East
1631,Cathy Berger,Monitor,2,90.07,04/07/2024,South
1632,Jesse Phillips,Tablet,4,362.7,10/10/2024,East
1633,Richard Smith,Smartwatch,3,260.51,25/05/2024,North
1634,Amy Rosario,Tablet,2,209.04,27/10/2024,South
1635,Aaron Ho,Smartwatch,1,785.86,19/07/2024,West
1636,Troy Garrison,Monitor,2,276.37,26/05/2024,South
1637,Ryan Avila,Tablet,5,1151.21,19/11/2024,East
1638,James Brown,Tablet,1,639.85,14/01/2024,North
1639,Donald Fleming,Laptop,5,1059.01,23/10/2024,North
1640,Shawn Cruz,Smartwatch,5,209.68,25/12/2024,West
1641,Tiffany Tucker MD,Laptop,3,525.57,29/12/2024,North
1642,Samuel Greer,Smartphone,1,411.61,22/07/2024,West
1643,Amanda Taylor,Laptop,1,391.36,21/02/2024,South
1644,Richard Franklin,Laptop,1,1048.87,09/09/2024,East
1645,Cynthia Wright,Smartwatch,5,567.86,15/11/2024,North
1646,Andrew Cook,Smartwatch,5,1101.42,19/02/2024,East
1647,Benjamin Vance,Tablet,1,176.59,27/06/2024,West
1648,Darren Coleman,Headphones,1,562.93,06/02/2024,West
1649,John Moore,Headphones,5,225.43,03/04/2024,West
1650,Laura Ortiz,Tablet,2,803.93,05/02/2024,South
1651,Maria Diaz,Smartwatch,3,1237.92,16/09/2024,South
1652,Micheal Rodriguez,Smartwatch,2,1077.7,02/11/2024,North
1653,Jason Brennan,Laptop,5,1191.59,23/01/2024,South
1654,Christopher Jackson,Smartphone,3,1403.44,09/02/2024,North
1655,Vincent Zamora,Smartphone,4,552.92,18/05/2024,North
1656,Christina Price,Monitor,5,1099.07,01/01/2025,North
1657,Terri Jackson,Smartphone,1,1058.44,15/03/2024,North
1658,Aaron Myers,Monitor,3,165.09,18/08/2024,West
1659,Meredith Brooks,Laptop,4,93.02,15/02/2024,West
1660,Virginia Rodriguez,Smartphone,3,481.71,02/12/2024,West
1661,Debra Rodriguez,Tablet,5,1162.35,20/07/2024,South
1662,Steven Young,Headphones,3,1332.02,14/08/2024,South
1663,Maria Reeves,Headphones,3,76.45,15/10/2024,East
1664,Cindy Mcdonald,Monitor,4,1313.74,26/11/2024,West
1665,Monica Castillo,Laptop,2,156.05,11/02/2024,North
1666,Stacey Hall,Monitor,3,1233.83,30/07/2024,North
1667,Renee Smith,Headphones,5,56.79,07/03/2024,North
1668,Stephanie Le,Headphones,5,829.77,28/08/2024,South
1669,Jose Montgomery,Smartphone,4,887.69,13/08/2024,East
1670,Christopher Hurst,Monitor,1,827.05,16/05/2024,West
1671,Luke Jackson,Headphones,1,344.37,31/07/2024,South
1672,Bryan Cuevas,Laptop,2,1183.13,03/08/2024,North
1673,Shannon Mitchell,Smartwatch,1,335.27,28/05/2024,West
1674,Matthew Hale,Headphones,2,432.78,11/08/2024,East
1675,Laura Summers,Tablet,5,845.74,24/11/2024,West
1676,Justin Ayala,Headphones,1,380.61,06/01/2025,East
1677,Keith Phillips,Headphones,5,1019.71,12/06/2024,West
1678,Charles Daugherty,Laptop,2,139.23,22/07/2024,East
1679,Regina Brown,Monitor,1,635.06,26/03/2024,South
1680,Kimberly May,Tablet,1,366.89,24/02/2024,North
1681,Jessica Reyes,Smartphone,1,1039.87,15/02/2024,West
1682,Kerri Hall,Smartphone,3,1385.41,27/09/2024,West
1683,Mrs. Alexandria Ware,Laptop,4,370.84,17/06/2024,North
1684,Sabrina Wright,Monitor,3,664.62,21/10/2024,West
1685,Jonathan Vazquez,Laptop,3,377.64,15/06/2024,West
1686,Walter Wolfe,Monitor,1,620.22,30/06/2024,West
1687,Laura Gutierrez,Headphones,1,1443.12,27/04/2024,East
1688,Tammy Allen,Laptop,2,1417.45,25/01/2024,North
1689,Jordan Brown,Monitor,4,1320.28,20/06/2024,South
1690,Michael Barton,Smartphone,4,132.07,08/04/2024,East
1691,Beth Lawrence,Laptop,4,1156.35,24/09/2024,South
1692,Gary Lindsey,Laptop,3,741.6,23/02/2024,South
1693,Julie Lozano,Laptop,3,1246.15,11/06/2024,North
1694,Elizabeth Johnson,Tablet,1,1465.01,28/06/2024,South
1695,Matthew Wells,Monitor,5,844.68,23/09/2024,East
1696,Jacob Bates,Laptop,1,729.16,26/12/2024,North
1697,David Adkins,Smartphone,1,1034.66,19/12/2024,North
1698,Michael Black,Monitor,1,536.98,10/02/2024,North
1699,Gregory Smith,Tablet,1,1471.25,12/02/2024,East
1700,Crystal Roberts,Smartwatch,5,1031.68,04/05/2024,East
1701,Christy Lewis,Monitor,2,471.57,12/06/2024,East
1702,Scott Bowman,Smartwatch,5,939.89,06/11/2024,South
1703,Adrian Blankenship,Laptop,2,927.08,19/11/2024,South
1704,Jill Bond,Smartwatch,2,954.66,29/11/2024,West
1705,Thomas Acosta,Headphones,3,213.64,15/12/2024,North
1706,Julie Haas,Smartphone,1,1356.93,25/04/2024,East
1707,Denise Turner,Headphones,3,113.85,08/03/2024,East
1708,Jacob Wells,Headphones,2,960.98,01/06/2024,West
1709,Timothy Villanueva,Headphones,5,1422.18,15/01/2024,West
1710,Timothy Rodriguez,Headphones,5,614.44,21/04/2024,South
1711,Joseph Rivers,Monitor,5,189.32,10/07/2024,North
1712,Patrick Thompson,Monitor,1,1474.29,21/04/2024,South
1713,Denise Newton,Monitor,4,1207.38,17/05/2024,North
1714,Joshua Warren,Tablet,4,786.88,08/03/2024,East
1715,Robert Medina,Headphones,2,238.8,13/05/2024,North
1716,Kayla Baker,Smartwatch,2,380.95,16/05/2024,West
1717,Andrew Flores,Laptop,1,116.64,13/04/2024,North
1718,Randy Jones,Laptop,4,1105.75,02/02/2024,North
1719,Dawn Freeman,Monitor,5,314.34,23/12/2024,South
1720,Natasha Baker,Tablet,1,1399.42,24/03/2024,West
1721,Gary Irwin,Smartwatch,3,81.07,19/02/2024,West
1722,Jody Olson,Headphones,4,1067.22,01/04/2024,South
1723,Billy Landry,Smartphone,2,207.9,05/01/2025,South
1724,Erica Davila,Headphones,1,1056.94,05/08/2024,South
1725,Kelly Knapp,Laptop,4,575.54,26/06/2024,East
1726,Joseph Curtis,Headphones,2,454.76,02/10/2024,North
1727,Beth Holmes,Smartphone,4,695.97,29/12/2024,South
1728,Stephanie Mcdowell,Smartphone,4,1181.19,28/12/2024,East
1729,Nicole Lopez,Tablet,5,1172.05,12/07/2024,North
1730,Kristopher Stanley,Laptop,5,1019.07,10/03/2024,South
1731,Robin Branch,Tablet,2,1261.69,10/12/2024,West
1732,Melissa Boyle,Tablet,4,1397.74,19/11/2024,East
1733,Jerry Chavez,Smartwatch,4,241.46,29/09/2024,South
1734,Vincent Dunlap,Tablet,3,1362.57,16/04/2024,East
1735,Lisa Reynolds,Smartwatch,2,1006.79,27/06/2024,South
1736,Michelle Hopkins,Laptop,4,1170.77,21/04/2024,East
1737,April Perez,Laptop,1,1408.87,18/04/2024,North
1738,Kathleen Carter,Smartwatch,3,1182.11,01/10/2024,South
1739,Leslie Novak,Smartphone,4,107.18,01/06/2024,South
1740,Jerry Bird,Monitor,5,587.27,08/11/2024,North
1741,Julie Chavez,Headphones,2,652.38,14/08/2024,East
1742,Stephen Cantrell,Smartwatch,4,1392.17,10/05/2024,North
1743,Anna Williams,Tablet,5,1115.57,23/12/2024,West
1744,Wesley Davis,Smartwatch,2,802.84,13/11/2024,South
1745,Jennifer Harper,Smartwatch,5,1196.07,09/02/2024,West
1746,Marc Thomas,Monitor,5,918.1,19/08/2024,North
1747,Mark Snyder,Headphones,2,206.43,28/07/2024,North
1748,Shane Marks,Tablet,2,1283.15,18/05/2024,South
1749,Mrs. Ana White MD,Headphones,3,505.04,16/03/2024,South
1750,Susan Anderson,Headphones,4,1287.17,01/12/2024,East
1751,Crystal Jimenez,Smartwatch,3,1140.87,28/05/2024,West
1752,Justin Ward,Laptop,4,1226.31,21/09/2024,West
1753,Benjamin Jones,Tablet,4,420.4,02/03/2024,South
1754,Jack Daniels,Smartphone,4,1413.62,28/08/2024,East
1755,Luis French,Monitor,4,50.28,26/06/2024,West
1756,Ryan Brown,Smartphone,2,347.86,19/05/2024,West
1757,Wayne Wilson,Smartphone,4,357.06,20/10/2024,South
1758,Michael Rice,Smartphone,2,498.82,29/10/2024,South
1759,Michael Sims,Laptop,4,742.79,13/12/2024,East
1760,Laura Pittman,Smartwatch,5,919.5,18/02/2024,West
1761,Nathaniel Hampton,Tablet,5,305.15,12/09/2024,West
1762,Kylie Miller,Smartwatch,2,521.41,01/03/2024,West
1763,Katie Coleman,Headphones,5,1298.17,04/02/2024,East
1764,Mark Lucero,Tablet,2,1295.17,31/07/2024,East
1765,Ashley Knight,Smartwatch,1,378.99,07/07/2024,South
1766,Joshua Lopez,Headphones,2,1065.22,24/06/2024,North
1767,Glenn Reynolds,Smartphone,3,217.01,28/01/2024,East
1768,Mario Park,Smartwatch,1,1154.3,20/10/2024,West
1769,Bradley Clark,Laptop,3,744.59,25/06/2024,East
1770,Fernando Weber,Tablet,3,465.25,26/03/2024,North
1771,James Trujillo,Headphones,5,118.35,02/12/2024,South
1772,Karla Acevedo,Smartphone,5,683.96,14/04/2024,West
1773,Timothy Jones,Smartphone,4,950.36,22/06/2024,South
1774,Travis Moreno,Smartwatch,2,422.32,27/10/2024,North
1775,Nicole Bell,Smartwatch,4,1462.14,11/06/2024,East
1776,Charles Greene,Smartphone,3,1426.11,11/06/2024,North
1777,Sierra Nelson,Laptop,2,1028.58,13/05/2024,North
1778,Kelly Miller,Tablet,2,152.24,22/01/2024,South
1779,Juan Allen,Smartwatch,2,57,01/09/2024,East
1780,Keith Sanchez,Laptop,5,1447.23,23/02/2024,West
1781,Michael Nunez,Smartwatch,4,1040.88,03/10/2024,East
1782,Rhonda Lewis,Tablet,1,812.17,18/11/2024,South
1783,Erica Davis,Smartphone,1,1406.41,30/11/2024,East
1784,Russell Stephens,Headphones,4,173.72,12/04/2024,South
1785,Brittany Bryan,Smartphone,1,980.68,24/02/2024,North
1786,Brian Reeves,Monitor,1,309.21,12/12/2024,South
1787,William Smith,Smartphone,1,131.85,15/10/2024,South
1788,Allison Johnson,Laptop,1,383.32,05/11/2024,North
1789,Mark Campbell,Laptop,1,355.46,17/06/2024,East
1790,Linda Cunningham,Tablet,3,60.52,04/12/2024,North
1791,Brandon Johnson,Tablet,4,137.05,17/11/2024,North
1792,Jennifer White,Headphones,5,185.41,20/09/2024,West
1793,Albert Wilkinson,Monitor,1,647.92,02/09/2024,West
1794,Elizabeth Richards,Smartwatch,5,859.16,06/04/2024,East
1795,Kaitlyn Mitchell,Smartwatch,3,1068.4,13/04/2024,North
1796,Rebecca Castro,Smartphone,3,181.58,31/12/2024,East
1797,Virginia Padilla,Headphones,4,83.2,21/09/2024,North
1798,Tony Herrera,Tablet,1,722.43,10/11/2024,North
1799,Kathleen Decker DDS,Monitor,1,1399.7,12/04/2024,West
1800,Briana Kelley,Smartphone,1,470.42,23/12/2024,West
1801,Jennifer Gomez,Headphones,1,272.31,06/11/2024,South
1802,Gene Carpenter,Laptop,1,692.55,17/04/2024,West
1803,Margaret Jackson,Headphones,5,59.34,17/03/2024,West
1804,Darlene Jones,Laptop,4,341.8,08/11/2024,East
1805,Jasmine Stephenson,Tablet,5,1354.8,10/03/2024,North
1806,John Hall,Tablet,4,688.69,01/03/2024,North
1807,Jose Martin,Smartphone,3,1128.99,23/07/2024,West
1808,Patrick Johnson,Monitor,4,517.14,06/04/2024,South
1809,Kenneth Holmes,Smartphone,4,1496.5,24/09/2024,East
1810,John Olson,Smartphone,4,191.84,13/09/2024,East
1811,Alyssa Gonzalez,Monitor,1,105.92,12/07/2024,North
1812,Ryan Lewis,Smartphone,1,58.79,20/09/2024,South
1813,Alejandra Foster,Monitor,1,778.71,03/05/2024,North
1814,Karen Stephens,Monitor,5,1164.87,27/09/2024,North
1815,Joshua Evans,Monitor,5,1203.65,16/06/2024,West
1816,Erica Kirk,Tablet,5,1344.12,19/06/2024,South
1817,Brandy Velez MD,Laptop,1,1463,04/05/2024,South
1818,Richard Olson,Laptop,3,509.22,16/01/2024,East
1819,Matthew Pena,Headphones,5,1072.84,22/09/2024,North
1820,Elizabeth Lopez,Laptop,3,1009.84,06/07/2024,South
1821,Kayla Smith,Smartwatch,1,411.45,24/03/2024,West
1822,Kaylee Walter,Monitor,1,459.42,23/04/2024,South
1823,Jennifer Webb,Headphones,1,1336.01,19/08/2024,East
1824,Rebekah Vargas,Monitor,3,1336.33,01/12/2024,West
1825,Luke Shaw,Smartphone,1,634.97,11/07/2024,East
1826,Michelle Thompson,Tablet,4,1107.86,07/03/2024,North
1827,Brian Peterson,Monitor,5,870.43,04/09/2024,North
1828,Pamela Bowen,Monitor,3,1461.8,31/01/2024,South
1829,Carol Parker,Smartphone,1,115.21,03/10/2024,South
1830,Jonathan Marshall,Monitor,1,745.45,04/01/2025,East
1831,Jacqueline Griffith,Monitor,5,1326.75,21/08/2024,South
1832,Ernest Jordan,Monitor,5,394.47,12/01/2025,East
1833,Mark Green,Headphones,2,965.36,24/12/2024,West
1834,Alan Woodward,Smartwatch,2,211.97,20/11/2024,North
1835,Eric Andrews,Laptop,4,1275.21,17/10/2024,West
1836,Michael Hardy,Monitor,2,1222.03,12/06/2024,South
1837,John Velasquez,Monitor,2,1086.98,06/05/2024,South
1838,Steven Pratt,Monitor,1,624.29,04/06/2024,East
1839,Maria Harris,Smartphone,1,464.17,18/06/2024,North
1840,Yolanda Hancock,Smartwatch,2,685.41,20/12/2024,North
1841,Mr. Alexander Grant,Headphones,4,818.3,05/12/2024,West
1842,Brian Quinn,Tablet,1,948.78,29/06/2024,South
1843,Ashley Rollins,Smartwatch,2,532.41,05/09/2024,West
1844,Kathleen Frazier,Smartphone,3,1012.21,30/07/2024,North
1845,Candace Morris,Headphones,2,1259.51,09/09/2024,South
1846,Donald Owens,Headphones,3,993.07,18/11/2024,South
1847,Tiffany Norton,Tablet,2,853.2,06/04/2024,North
1848,Michael White,Smartphone,1,432.88,02/04/2024,West
1849,Vincent Collins,Smartphone,4,1180.41,16/10/2024,South
1850,Jay Baker Jr.,Monitor,3,977.75,21/08/2024,South
1851,Anthony Davis,Laptop,3,1216.81,02/06/2024,South
1852,Michael Reynolds,Tablet,4,1296.25,01/12/2024,West
1853,Elizabeth Woods,Headphones,3,409.69,03/12/2024,West
1854,Jeffery Vang,Smartwatch,2,1173.81,05/10/2024,North
1855,Andrea Moore,Smartwatch,3,813.86,02/05/2024,East
1856,Elizabeth Martinez,Smartwatch,4,895.78,20/06/2024,West
1857,Martin Barber,Monitor,4,719.8,01/07/2024,West
1858,Rodney Conner,Headphones,5,205.03,04/01/2025,East
1859,Cassandra Rogers,Tablet,3,865.97,26/07/2024,South
1860,Michele Skinner,Headphones,4,1227.31,18/05/2024,North
1861,Denise Barrett,Tablet,3,444.59,27/03/2024,East
1862,Melanie Smith,Tablet,3,274.66,18/11/2024,South
1863,Jerry Harvey,Headphones,4,900.31,20/07/2024,West
1864,Amanda Sullivan,Headphones,5,297.39,19/03/2024,North
1865,David Brown,Smartphone,5,816.09,31/10/2024,East
1866,Nicholas Branch,Tablet,2,951.24,04/11/2024,West
1867,Chad Webb,Smartphone,3,234.59,25/10/2024,West
1868,Ronald Ortiz,Smartphone,3,370.98,31/12/2024,West
1869,Bradley Greene,Monitor,2,68.62,19/07/2024,West
1870,Stephanie Stewart,Smartphone,1,1271.26,01/06/2024,West
1871,Stacey Wade,Smartwatch,1,716.22,26/10/2024,North
1872,Anthony Ayala,Tablet,4,131.76,16/02/2024,North
1873,Julia Reeves,Monitor,5,649.42,21/03/2024,North
1874,Matthew Williams,Smartwatch,2,280.51,31/08/2024,West
1875,Alexa Butler MD,Smartphone,3,1055.98,23/05/2024,North
1876,Donald Kennedy,Tablet,2,675.77,21/06/2024,South
1877,Amanda Campos,Monitor,2,408.92,27/08/2024,East
1878,Adam Yang,Smartphone,4,1464.75,25/02/2024,West
1879,Benjamin Terrell,Monitor,5,902.4,10/01/2025,North
1880,Andrea Smith,Smartwatch,5,983.82,21/05/2024,South
1881,Jason Ramsey,Monitor,2,1466.13,22/09/2024,East
1882,Albert Adams,Tablet,5,76.66,21/09/2024,South
1883,Darlene Khan,Laptop,1,332.27,03/12/2024,East
1884,Leslie Ramos,Smartphone,1,1010.85,09/12/2024,East
1885,Jordan Turner,Smartwatch,5,293.19,11/11/2024,North
1886,Elizabeth Powell,Smartphone,1,561.16,08/10/2024,South
1887,Mark Hernandez,Laptop,2,1385.22,09/11/2024,South
1888,Colton Smith,Smartwatch,5,600.76,05/11/2024,East
1889,Brittany Thompson,Smartwatch,5,1166.65,09/10/2024,South
1890,Bailey Jones,Monitor,4,267.45,08/09/2024,South
1891,Rebecca Martinez,Smartwatch,1,1336.29,15/01/2024,West
1892,Vanessa Thompson,Tablet,4,1034.09,03/03/2024,South
1893,Anna Buck,Laptop,2,618.97,05/10/2024,North
1894,Lee Robinson,Monitor,3,706.46,23/11/2024,North
1895,Alan Jones,Laptop,2,537.29,16/10/2024,West
1896,Tony Garcia,Monitor,3,892.45,17/07/2024,East
1897,Lauren Lynch,Laptop,2,1313.51,01/04/2024,South
1898,Dawn Johnson,Headphones,3,784.88,06/12/2024,North
1899,Brittany Kane,Headphones,2,189.9,03/07/2024,East
1900,Reginald Torres,Smartwatch,1,942.25,01/08/2024,West
1901,Cynthia Mueller,Tablet,4,556.04,08/02/2024,East
1902,Mary Owens,Headphones,4,346.11,03/01/2025,West
1903,Billy Rivera,Smartphone,2,611.89,01/09/2024,West
1904,William Powell,Smartphone,2,869.46,29/06/2024,West
1905,Russell Barnes,Headphones,4,1332.94,16/07/2024,West
1906,Richard Barry,Smartphone,1,1021.26,20/02/2024,West
1907,Karen Fox,Tablet,1,576.46,20/09/2024,South
1908,Pamela Garcia,Smartphone,2,1403.64,07/03/2024,South
1909,Jeremy West,Headphones,2,495.33,13/01/2025,East
1910,Cynthia Duncan,Tablet,5,1393.07,20/02/2024,East
1911,Jillian Jenkins,Laptop,4,860.11,08/03/2024,South
1912,Ryan Andrews,Smartwatch,4,1302.43,09/07/2024,South
1913,Valerie Walker,Smartwatch,4,1374.22,14/01/2024,North
1914,Martin Craig,Headphones,1,1082.11,27/12/2024,South
1915,Steven Mcdonald,Smartphone,4,1013.94,21/05/2024,East
1916,Suzanne Garcia,Smartphone,5,303.95,28/12/2024,West
1917,Andrea Jones,Laptop,3,91.03,30/10/2024,East
1918,William Long,Tablet,5,996.56,22/03/2024,East
1919,Mary Burgess,Smartphone,1,352.2,02/08/2024,West
1920,Chris Mcmahon,Tablet,1,185.04,18/01/2024,North
1921,Cassidy Mcclain,Headphones,2,1185.03,07/10/2024,South
1922,Timothy Williams,Monitor,2,556.12,07/01/2025,East
1923,Edward Brown,Monitor,2,725.4,05/08/2024,South
1924,Rachel Duncan,Smartphone,5,1494.34,15/04/2024,North
1925,David Holmes,Headphones,2,175.58,11/04/2024,West
1926,Dustin Perez,Monitor,1,450.79,15/01/2024,North
1927,Robert Wright,Smartwatch,5,245.99,24/09/2024,North
1928,Laura Patterson,Tablet,1,739.32,25/02/2024,South
1929,Jennifer George,Laptop,1,257.44,27/02/2024,East
1930,Jerry Soto,Monitor,2,76.84,14/03/2024,East
1931,Amy Hart,Smartwatch,1,1488.47,15/02/2024,South
1932,Stephen Barber,Headphones,5,1286.18,10/01/2025,East
1933,Carolyn Peters,Smartwatch,4,988.63,18/07/2024,East
1934,Nicholas Simon,Smartphone,4,826.53,26/08/2024,North
1935,Gina Johnson,Smartwatch,1,1155.4,03/05/2024,South
1936,Kristin Bailey,Smartphone,5,897.87,25/10/2024,East
1937,Latasha Johnson,Tablet,3,1426.69,16/11/2024,South
1938,Eugene Mueller,Monitor,5,284.99,26/09/2024,South
1939,Michelle Jones DDS,Smartphone,4,154.35,28/08/2024,North
1940,John Lozano,Monitor,1,363.88,10/10/2024,West
1941,Melissa Kirk,Tablet,4,1051.21,19/02/2024,North
1942,Jessica Kane,Smartwatch,4,1398.59,25/12/2024,East
1943,Destiny Montgomery,Laptop,2,255.01,15/05/2024,East
1944,Laurie Johnson,Tablet,3,446.38,17/02/2024,West
1945,Vickie Stewart,Headphones,4,1069.92,11/11/2024,East
1946,Stephanie Ray,Tablet,3,706.64,10/08/2024,South
1947,Amy Nguyen,Tablet,5,115.91,11/03/2024,South
1948,David Castaneda,Smartphone,4,1065.24,22/01/2024,East
1949,Troy Diaz,Tablet,3,1359.21,09/03/2024,West
1950,Joyce Parker,Tablet,1,904.86,22/08/2024,East
1951,Deborah Barnett,Monitor,4,923.37,04/06/2024,South
1952,Heather Mccarty,Laptop,3,1240.56,22/05/2024,West
1953,Roy Rodriguez,Smartwatch,1,180.09,26/01/2024,South
1954,Stephanie Hatfield,Monitor,5,869.72,22/04/2024,North
1955,Michael Rios,Laptop,5,174.69,17/05/2024,South
1956,Raymond Lewis,Headphones,4,957.08,18/03/2024,West
1957,Kevin Campbell,Tablet,3,290.9,30/12/2024,North
1958,Christina Chung,Smartphone,3,767.35,28/04/2024,South
1959,Erin Rodriguez,Smartwatch,1,983.82,12/03/2024,West
1960,Jennifer Kelly,Laptop,1,667.45,11/09/2024,East
1961,Katelyn Hernandez DDS,Monitor,5,1020.89,25/09/2024,North
1962,Jason Taylor,Smartwatch,2,531.38,17/02/2024,East
1963,Jason Higgins,Laptop,4,185.07,12/08/2024,East
1964,Brenda Hester,Smartphone,5,668.21,11/08/2024,East
1965,Christy Smith,Headphones,5,1345.09,09/01/2025,West
1966,Daniel Lee,Laptop,4,719.56,28/09/2024,North
1967,Melissa Hall,Headphones,1,108.13,16/04/2024,West
1968,Dr. Brenda Hill,Tablet,3,121.86,03/01/2025,West
1969,Janet Flores,Monitor,4,480.1,17/07/2024,East
1970,Justin Martin,Smartphone,3,188.28,10/12/2024,North
1971,Victoria Gonzalez,Tablet,5,223.49,27/08/2024,South
1972,Adrian Conner,Smartphone,2,1467.27,12/04/2024,East
1973,Savannah Williams,Smartphone,1,97.29,14/01/2024,North
1974,Jennifer Williamson,Tablet,3,61.68,30/04/2024,North
1975,James Archer,Monitor,1,1237.15,01/11/2024,North
1976,Stephen Davis,Laptop,2,128.1,13/03/2024,West
1977,Harry Matthews,Smartphone,1,798.97,20/11/2024,South
1978,Lori Brown,Tablet,3,905.74,19/01/2024,North
1979,Terri Brown,Monitor,5,462.31,08/02/2024,West
1980,Julia Wright,Smartphone,4,1422.11,27/11/2024,East
1981,Lori Jackson,Smartwatch,2,1012.26,11/12/2024,West
1982,Michael Morrow DVM,Laptop,3,1476.44,29/01/2024,South
1983,Margaret Sanders,Laptop,2,341.11,22/02/2024,South
1984,Jason Cox,Monitor,4,1126.5,13/11/2024,South
1985,Katherine Silva,Smartphone,2,855.74,11/03/2024,South
1986,Catherine Powell,Smartwatch,5,1303.7,15/12/2024,North
1987,Jason Quinn,Laptop,5,699.75,22/09/2024,South
1988,Jason Hubbard,Tablet,4,1037.21,09/12/2024,North
1989,Miguel Roberts,Headphones,3,328,12/08/2024,North
1990,Megan Haynes,Smartwatch,5,1130.48,21/11/2024,West
1991,Leah King,Laptop,2,712.28,01/07/2024,West
1992,Dylan Cortez,Laptop,1,1266.46,09/02/2024,South
1993,Michael Cole,Tablet,1,1074.71,21/03/2024,North
1994,Robert Sandoval,Smartphone,4,612,29/10/2024,East
1995,Teresa Beltran,Headphones,1,922.68,22/06/2024,North
1996,Joseph Brooks,Monitor,4,1177.62,19/12/2024,North
1997,Ashley Hull,Headphones,4,595.27,05/07/2024,East
1998,Edwin Spencer,Headphones,5,179.27,28/03/2024,East
1999,Melissa Graham,Headphones,5,802.15,03/11/2024,East
2000,Margaret Higgins,Monitor,3,278.76,11/10/2024,North
2001,Tammy Gardner,Laptop,4,771.48,20/12/2024,North
2002,Anthony Ortega,Monitor,5,862.08,09/01/2025,North
2003,Brian Bullock,Tablet,1,858.23,27/06/2024,East
2004,Michael Chandler,Tablet,3,856.42,04/01/2025,West
2005,Ashley Newman,Monitor,5,1479.08,06/02/2024,South
